-- 카테고리
insert into category(id,name) values
(1,'살림'),
(2,'패션'),
(3,'뷰티'),
(4,'푸드'),
(5,'가전'),
(6,'스포츠'),
(7,'잡화');



-- 유저
insert into user(user_id,name,thumbnail)
values
('1','공백','https://drive.google.com/uc?export=view&id=1709Q3i8xvyUA4_DH1j9e7CgQ8YrfLbBJ'),
('2','250디자인','https://drive.google.com/uc?export=view&id=12yvFKpwCbQLHhQohm-Qukngr4NbR9cI0'),
('3','낫포유','https://drive.google.com/uc?export=view&id=17g1NAummP1yk-W6OwWJEinp0-5DxMSvD'),
('4','생활도감','https://drive.google.com/uc?export=view&id=1NQKPDKR2BlWBWkAzf3qQbF4SM97TmcA4'),
('5','타월로지스트','https://drive.google.com/uc?export=view&id=1BCXFBkZj8LiHAdoQf9jVYq0eHVanuxRi'),
('6','나이키','https://drive.google.com/uc?export=view&id=1WgiUJa0r1dsNJBkeDvUSteWRGdAeVLUK'),
('7','타미힐피거','https://drive.google.com/uc?export=view&id=13uHNQBykj44maVfm8eSYd9eyjjMlCJH7'),
('8','챔피온','https://drive.google.com/uc?export=view&id=1DgW0mGhDmrj7pJ56tcNUxo_id8j0YHhz'),
('9','잔스포츠','https://drive.google.com/uc?export=view&id=1P_V5Fku1t_L232UlgZb1SBhOHPCWJP43'),
('10','버켄스탁','https://drive.google.com/uc?export=view&id=1u8jcEEoaQdMlPkpWTv2S0N3piGliacm_'),
('11','칼하트','https://drive.google.com/uc?export=view&id=1oWhWY4e117CFDP-8i9dtENdlUJTqcYB_'),
('12','아쿠아 드 폴리','https://drive.google.com/uc?export=view&id=1yXfbx-UMY13obInAFlgb7hFhb70DjJ6O'),
('13','헤지스맨 룰429','https://drive.google.com/uc?export=view&id=1gZh8TFqu_t8FJSa6O-LXk3G98W7ovS5-'),
('14','블라이드','https://drive.google.com/uc?export=view&id=1RSxXQqaNeFBHrD2qK2f9Wp-iPQ27A59x'),
('15','디오디너리','https://drive.google.com/uc?export=view&id=1uF9nn46j4qbm1rikc3U4G6X-YrBdsOKn'),
('16','앤트러사이트','https://drive.google.com/uc?export=view&id=1iuP57HG3dQJ0dOxpfb75XKOswKFi-vQZ'),
('17','인테이크','https://drive.google.com/uc?export=view&id=1UFPqpUux38V3mmlhyTLLYLaPnyh8ovgh'),
('18','허니스트','https://drive.google.com/uc?export=view&id=1DqN6urGTbArMz0bzw6JKtv5UuhnOxEod'),
('19','떼르드글라스','https://drive.google.com/uc?export=view&id=1Gw93RhgNOWS-EIHf-r-Hq9_qmGszm-7e'),
('20','서울우유','https://drive.google.com/uc?export=view&id=1Qf8fS-3ngEYTPALFg0bhhuEgm6279kC-'),
('21','플러스마이너스제로','https://drive.google.com/uc?export=view&id=1OE1Benlkn4D3L6R9FsdwTGzD5oggq0FA'),
('22','보만','https://drive.google.com/uc?export=view&id=1ceTeTO_ANQdxpL7guZnnc4g15sw2yLoN'),
('23','스카이','https://drive.google.com/uc?export=view&id=1Kz-OmbGyjU1uZ3UpHGKLQaVoWJL15TBT'),
('24','니드','https://drive.google.com/uc?export=view&id=1uNU_iMEzy70N-tJ3HSm6rhO7xl9bBj1x'),
('25','렉스파','https://drive.google.com/uc?export=view&id=1Vt3Z_3Y5agc-DXlMLMCQtKl-BLRbYH-C'),
('26','엑사이더','https://drive.google.com/uc?export=view&id=145zgMwfWtnAxIwzRYEs26de1pQt07-ih'),
('27','트라택','https://drive.google.com/uc?export=view&id=1BYxHWDuUZPZEDuc80HAOZJEyM5cWsOWF'),
('28','식스패드','https://drive.google.com/uc?export=view&id=1QCNJSZuSL08QOazmjM8eoaUZAQDVrHF7'),
('29','건강한형제들','https://drive.google.com/uc?export=view&id=1bJTB3x63TsIKieGufzbVBfSLLKzZwy5b'),
('30','30',''),
('31','31',''),
('32','32',''),
('33','33',''),
('34','34',''),
('35','35',''),
('36','리베르','https://drive.google.com/uc?export=view&id=1pO8kSmGLAPyoflzO9mbhhwsnrTVFNI4Y'),
('37','스탠리','https://drive.google.com/uc?export=view&id=19GuZyUgrFqoSCh6OVEJINHJj8f1O50Za'),
('38','워터탱크베이스먼트','https://drive.google.com/uc?export=view&id=1kuW451FDTMhTyr4qQ5FHLqvxEsym1WsY'),
('39','칼리타','https://drive.google.com/uc?export=view&id=1pcFibEoAvBJ13kkwIyS5ZOkgrna7ot1I'),
('40','아이카사','https://drive.google.com/uc?export=view&id=1TEtoqou4pL2SLwIhaVo48xToYdCgYJQe'),
('100','곽소영',''),
('101','반선호',''),
('102','김경열',''),
('103','김성준',''),
('104','손우현',''),
('105','김소연',''),
('106','노은종',''),
('107','여정수',''),
('108','최담',''),
('109','박혜린',''),
('110','양효정',''),
('111','하주형',''),
('112','김종훈',''),
('113','이종훈',''),
('114','최승일',''),
('115','최용호',''),
('116','정소라',''),
('117','이나라',''),
('118','김민우',''),
('119','박민우',''),
('120','오민우',''),
('121','김병우',''),
('122','김규희',''),
('123','이예슬',''),
('124','윤나라',''),
('125','김신우',''),
('126','최나라',''),
('127','김홍섭',''),
('128','감기배',''),
('129','윤준',''),
('130','이인규',''),
('131','최준',''),
('132','박상백',''),
('133','황예리',''),
('134','윤정은',''),
('135','차서현',''),
('136','이서완',''),
('137','김기환',''),
('138','오기환',''),
('139','이승준',''),
('140','이승용',''),
('141','강민',''),
('142','고길동',''),
('143','김빛나',''),
('144','박하나',''),
('145','손지수',''),
('146','이은결',''),
('147','최은지',''),
('148','박성준',''),
('149','고병화',''),
('150','이승원',''),
('151','강지원','');

-- 게시글
insert into post(id,product_name,price,preview,thumbnail,detail_page,created_date,closing_date,category_id,user_id,goal)
        values
(1,'공백 세탁조 크리너 실속형 - 1통 4매입',20000,'https://drive.google.com/uc?export=view&id=1J0xqyXhQVyY03FDrXgErB9WGiTw3gofF','https://drive.google.com/uc?export=view&id=17_-Dozvw0CzatzrjABCJXu7vSSqnyztf','https://drive.google.com/uc?export=view&id=1biucWvVjn6b2PwEmRdddpX8A-JBFUWru','2020-08-28 10:00:00','2020-09-04 23:59:59',1,1,500);
insert into discount(post_id,step,min_require,discount_rate)
values
(1,'FIRST',150,15),
(1,'SECOND',200,20),
(1,'THIRD',230,25);

insert into post(id,product_name,price,preview,thumbnail,detail_page,created_date,closing_date,category_id,user_id,goal)
        values
(2,'옷장용 자연제습기 : Water Bottle',28000,'https://drive.google.com/uc?export=view&id=1ONx8DWaHtRTn7zD4A70AofcnIXqCpCZh','https://drive.google.com/uc?export=view&id=11mkRq7gmkUHuAuq6-5SKvUOkqhsemgFs','https://drive.google.com/uc?export=view&id=1J0RAS9ZLMCzSiRhqVR27Zp7r4OMtjhPc','2020-08-28 10:00:00','2020-09-04 23:59:59',1,2,200);
insert into discount(post_id,step,min_require,discount_rate)
values
(2,'FIRST',100,20),
(2,'SECOND',150,35),
(2,'THIRD',200,40);

insert into post(id,product_name,price,preview,thumbnail,detail_page,created_date,closing_date,category_id,user_id,goal)
        values
(3,'비타클렌징 마이크로필터(녹물제거)',14900,'https://drive.google.com/uc?export=view&id=1XBCEy5KUkYrhfTfYs31DTlQVgGh8G0Q5','https://drive.google.com/uc?export=view&id=1QpTi9dFRfWuGCsTIK-Y8vDpY42FQLRjU','https://drive.google.com/uc?export=view&id=10NZZY006mv4DPiywgCqoFbx3gyvclcLv','2020-08-28 10:00:00','2020-09-04 23:59:59',1,3,300);
insert into discount(post_id,step,min_require,discount_rate)
values
(3,'FIRST',150,20),
(3,'SECOND',200,30),
(3,'THIRD',300,40);

insert into post(id,product_name,price,preview,thumbnail,detail_page,created_date,closing_date,category_id,user_id,goal)
        values
(4,'생활도감 치약 4종 100g',14000,'https://drive.google.com/uc?export=view&id=1ikbuZGj1Y7d8xfCQ_yIccHUhc1-VF4MJ','https://drive.google.com/uc?export=view&id=1BYa6f9ryX5WNY2AJVlIWzQoIlDzjUedp','https://drive.google.com/uc?export=view&id=1FtvoMokod63rDvd1ahzYG-sI5nFbi4aJ','2020-08-28 10:00:00','2020-09-04 23:59:59',1,4,500);
insert into discount(post_id,step,min_require,discount_rate)
values
(4,'FIRST',200,20),
(4,'SECOND',350,25),
(4,'THIRD',500,30);

insert into post(id,product_name,price,preview,thumbnail,detail_page,created_date,closing_date,category_id,user_id,goal)
        values
(5,'공백 곰팡이 제거젤 5개입',37000,'https://drive.google.com/uc?export=view&id=19lfSicjE85mg6wF1EUUxslGfu_EBHzMr','https://drive.google.com/uc?export=view&id=1ml3Z5AvG0a0W7lcIoM5Yi9WdnSohe1HV','https://drive.google.com/uc?export=view&id=1-1p_Mf1mF1fyDR1GtueGm9_kOjEx1yY4','2020-08-26 10:00:00','2020-08-31 13:59:59',1,1,500);
insert into discount(post_id,step,min_require,discount_rate)
values
(5,'FIRST',200,5),
(5,'SECOND',300,10),
(5,'THIRD',500,15);

insert into post(id,product_name,price,preview,thumbnail,detail_page,created_date,closing_date,category_id,user_id,goal)
        values
(6,'프리미엄 솜 타월(10 colors)',15000,'https://drive.google.com/uc?export=view&id=1MKWrFXNL3yfIxp5YRKU1yRnORaQ871n8','https://drive.google.com/uc?export=view&id=19nMikWZVHtEGy4p_F9kplNlZpbrP7Oej','https://drive.google.com/uc?export=view&id=18tcMUo6yKDr95t-tnNqrFSlYIdVsmxF9','2020-08-29 10:00:00','2020-09-05 23:59:59',1,5,500);
insert into discount(post_id,step,min_require,discount_rate)
values
(6,'FIRST',200,5),
(6,'SECOND',350,10),
(6,'THIRD',500,15);

insert into post(id,product_name,price,preview,thumbnail,detail_page,created_date,closing_date,category_id,user_id,goal)
        values
(7,'나이키_NSW ESSNTL TOP',59900,'https://drive.google.com/uc?export=view&id=1CjQPyBKDtAyVpXix2UrXWkXzheKi6b6H','https://drive.google.com/uc?export=view&id=1Labcgsi8Szycu3Cc4BlK3dBs_DUIwcJ7','https://drive.google.com/uc?export=view&id=1DY0bWf9MEgygXqOw_gtSFc5c5AHUDpOY','2020-08-24 10:00:00','2020-09-06 23:59:59',2,6,200);
insert into discount(post_id,step,min_require,discount_rate)
values
(7,'FIRST',100,50),
(7,'SECOND',150,60),
(7,'THIRD',200,65);

insert into post(id,product_name,price,preview,thumbnail,detail_page,created_date,closing_date,category_id,user_id,goal)
        values
(8,'타미힐피거 코어 플래그 반팔티 화이트',59000,'https://drive.google.com/uc?export=view&id=1suYXK0SHXqaAkSX93s4eo-zYvWlO2DWL','https://drive.google.com/uc?export=view&id=1aaqAPg_1KR9JHgJ8h_zjZtuiCh26w8VN','https://drive.google.com/uc?export=view&id=1XrCQyiUH8lXI03UaxeQS3vnSHwfbgUiI','2020-08-26 10:00:00','2020-08-31 13:59:59',2,7,200);
insert into discount(post_id,step,min_require,discount_rate)
values
(8,'FIRST',100,55),
(8,'SECOND',150,60),
(8,'THIRD',200,65);

insert into post(id,product_name,price,preview,thumbnail,detail_page,created_date,closing_date,category_id,user_id,goal)
        values
(9,'클래식 풀랭스 삭스 3SET (WHITE)',21000,'https://drive.google.com/uc?export=view&id=1COm_waLbeO9wxnHDpdjBy3FfWuMApSpc','https://drive.google.com/uc?export=view&id=1gq05d-GF4HAilOgExk08ykwyL7sGmnIs','https://drive.google.com/uc?export=view&id=1YbHtmyCvLYGPqxZ0KRu8m8n0ttUGcGDS','2020-08-26 10:00:00','2020-08-31 13:59:59',2,8,300);
insert into discount(post_id,step,min_require,discount_rate)
values
(9,'FIRST',150,15),
(9,'SECOND',200,20),
(9,'THIRD',300,25);

insert into post(id,product_name,price,preview,thumbnail,detail_page,created_date,closing_date,category_id,user_id,goal)
        values
(10,'잔스포츠 슈퍼브레이크 블랙',49000,'https://drive.google.com/uc?export=view&id=1fvMnbHc3ig2vQSjoXrUx7ayW36v_8ZJI','https://drive.google.com/uc?export=view&id=13jDIDD035xazWk4N3OB7sgsJW9gAHuly','https://drive.google.com/uc?export=view&id=1OwwzKH-ajaoB7JZJYTSuqOjDte2QgLI1','2020-08-29 10:00:00','2020-09-05 23:59:59',2,9,400);
insert into discount(post_id,step,min_require,discount_rate)
values
(10,'FIRST',150,5),
(10,'SECOND',250,10),
(10,'THIRD',400,15);

insert into post(id,product_name,price,preview,thumbnail,detail_page,created_date,closing_date,category_id,user_id,goal)
        values
(11,'버켄스탁 아리조나 에바 블랙',59000,'https://drive.google.com/uc?export=view&id=11oPJDc3enUXN8z0Jcfu1FGNHXAXed4p3','https://drive.google.com/uc?export=view&id=1-RRSZN8d5-caM_Ec51F1U2ElbG9sDipE','https://drive.google.com/uc?export=view&id=1uYuOzByiYAsdRZHRk0XXAVZBI36XXTZq','2020-08-29 10:00:00','2020-09-05 23:59:59',2,10,300);
insert into discount(post_id,step,min_require,discount_rate)
values
(11,'FIRST',100,15),
(11,'SECOND',200,20),
(11,'THIRD',300,25);

insert into post(id,product_name,price,preview,thumbnail,detail_page,created_date,closing_date,category_id,user_id,goal)
        values
(12,'칼하트 오데사 볼캡 블랙',59000,'https://drive.google.com/uc?export=view&id=1h9Q-d2U5f-fMWd7LQsW2cF2uFPNWalvS','https://drive.google.com/uc?export=view&id=14_dGqJeg2UnuPOc9kwjcYtsSfI0l6Laa','https://drive.google.com/uc?export=view&id=1YlHShaDSkb_SENTlkaTzWniADqRly4On','2020-08-28 10:00:00','2020-09-04 23:59:59',2,11,500);
insert into discount(post_id,step,min_require,discount_rate)
values
(12,'FIRST',200,50),
(12,'SECOND',350,60),
(12,'THIRD',500,65);

insert into post(id,product_name,price,preview,thumbnail,detail_page,created_date,closing_date,category_id,user_id,goal)
        values
(13,'나노 리포좀 헤어 에센스',25000,'https://drive.google.com/uc?export=view&id=1ESCMqn3y-VKEAkFgx4Rwc6vEGXw9emc9','https://drive.google.com/uc?export=view&id=1b6VQTu-Vl_rAyaJpsUYgFHhMxTwxwEN0','https://drive.google.com/uc?export=view&id=1c7k9xYzi7Sw7HIN1-0aOSWYoGCm3EZ0G','2020-08-29 10:00:00','2020-09-05 23:59:59',3,12,200);
insert into discount(post_id,step,min_require,discount_rate)
values
(13,'FIRST',100,20),
(13,'SECOND',150,25),
(13,'THIRD',200,30);

insert into post(id,product_name,price,preview,thumbnail,detail_page,created_date,closing_date,category_id,user_id,goal)
        values
(14,'화이트닝 선에센스 기획세트',38000,'https://drive.google.com/uc?export=view&id=1PAAMD7s8nEqAvidZfnS270B8oj58boQt','https://drive.google.com/uc?export=view&id=1lP0nRM5sjwbGXtzVUJnv8XF12tUsBE_o','https://drive.google.com/uc?export=view&id=1Yd7vzcJRZOXdr4zDwJMLxiiLTalSDNoP','2020-08-27 10:00:00','2020-09-02 23:59:59',3,13,500);
insert into discount(post_id,step,min_require,discount_rate)
values
(14,'FIRST',200,15),
(14,'SECOND',400,20),
(14,'THIRD',500,40);

insert into post(id,product_name,price,preview,thumbnail,detail_page,created_date,closing_date,category_id,user_id,goal)
        values
(15,'바디퍼퓸건 기획세트',25000,'https://drive.google.com/uc?export=view&id=1yp2AYv-K5YtmnZB7PmxHHsXjNtttEOBi','https://drive.google.com/uc?export=view&id=1lpe0F8L5fhEDPToEcAwDW9dAITwv2QZg','https://drive.google.com/uc?export=view&id=1LX0LzDpYBVmuiKQ3nH7twsHOfAUdXWFC','2020-08-27 10:00:00','2020-09-02 23:59:59',3,13,300);
insert into discount(post_id,step,min_require,discount_rate)
values
(15,'FIRST',150,20),
(15,'SECOND',200,30),
(15,'THIRD',300,40);

insert into post(id,product_name,price,preview,thumbnail,detail_page,created_date,closing_date,category_id,user_id,goal)
        values
(16,'톤코렉팅 크림 30ml',39000,'https://drive.google.com/uc?export=view&id=1_F4rBYlWBdgd0MClf1HPsoyOUHEmkn7Y','https://drive.google.com/uc?export=view&id=1ceVes4DMThN76-_J9irJil4334IA_Zi3','https://drive.google.com/uc?export=view&id=1tn_yAILEqVl2bOwKPd5DZCtfMe9tDWDP','2020-08-26 10:00:00','2020-08-31 13:59:59',3,14,500);
insert into discount(post_id,step,min_require,discount_rate)
values
(16,'FIRST',350,30),
(16,'SECOND',400,40),
(16,'THIRD',500,45);

insert into post(id,product_name,price,preview,thumbnail,detail_page,created_date,closing_date,category_id,user_id,goal)
        values
(17,'[지성타입,모든타입,가벼운 보습오일] 100% 오가닉 콜드-프레스드 로즈 힙 씨드 오일',9900,'https://drive.google.com/uc?export=view&id=15rJqHyjtrkWIIQPuNxGG6pl6ma_irld8','https://drive.google.com/uc?export=view&id=1iSm8925Rj_UE3pYjDmbxZ2lMrsLpZfIh','https://drive.google.com/uc?export=view&id=15EhozgrAvOZF49znDcZJU36fJxnL3bGI','2020-08-26 10:00:00','2020-08-31 13:59:59',3,15,100);
insert into discount(post_id,step,min_require,discount_rate)
values
(17,'FIRST',10,10),
(17,'SECOND',50,15),
(17,'THIRD',100,20);

insert into post(id,product_name,price,preview,thumbnail,detail_page,created_date,closing_date,category_id,user_id,goal)
        values
(18,'패팅 스플래쉬 마스크 옐로우 세수팩',29000,'https://drive.google.com/uc?export=view&id=1wMNCwF35uBAUn-cCONqKcL3Hr-y3B630','https://drive.google.com/uc?export=view&id=1i2qNu1wZhaxF0zmge8gE914vmoxapvLo','https://drive.google.com/uc?export=view&id=1AX2LXC93GEweOPEqjyGHJ7bGycS1C4Ww','2020-08-27 10:00:00','2020-08-31 13:59:59',3,14,300);
insert into discount(post_id,step,min_require,discount_rate)
values
(18,'FIRST',150,20),
(18,'SECOND',200,30),
(18,'THIRD',300,40);

insert into post(id,product_name,price,preview,thumbnail,detail_page,created_date,closing_date,category_id,user_id,goal)
        values
(19,'앤트러사이트 드립백',9000,'https://drive.google.com/uc?export=view&id=10DOVf__ocC-2yks2OPxoqoCS3246jcqu','https://drive.google.com/uc?export=view&id=10DOVf__ocC-2yks2OPxoqoCS3246jcqu','https://drive.google.com/uc?export=view&id=1vO5df1F6j5KztaTOQtVpli7lxQUxHa7U','2020-08-27 10:00:00','2020-08-31 13:59:59',4,16,100);
insert into discount(post_id,step,min_require,discount_rate)
values
(19,'FIRST',20,15),
(19,'SECOND',50,20),
(19,'THIRD',100,25);

insert into post(id,product_name,price,preview,thumbnail,detail_page,created_date,closing_date,category_id,user_id,goal)
        values
(20,'모닝죽 단호박 130gx7팩',16800,'https://drive.google.com/uc?export=view&id=1UEgbPy9TjeOyCv8Gp6YpcagTlOdEZ-aZ','https://drive.google.com/uc?export=view&id=1UEgbPy9TjeOyCv8Gp6YpcagTlOdEZ-aZ','https://drive.google.com/uc?export=view&id=1TeZfgrM-CQPyN2i6WLCTdxMEj55i5iRA','2020-08-26 10:00:00','2020-08-31 13:59:59',4,17,150);
insert into discount(post_id,step,min_require,discount_rate)
values
(20,'FIRST',30,15),
(20,'SECOND',70,20),
(20,'THIRD',150,30);

insert into post(id,product_name,price,preview,thumbnail,detail_page,created_date,closing_date,category_id,user_id,goal)
        values
(21,'요리하는 즐거움, 에센셜 허브/천연조미료 선물세트',24000,'https://drive.google.com/uc?export=view&id=1x4-tVAJMQ_rNWg8eetk09Fwm7EuNzFa3','https://drive.google.com/uc?export=view&id=1Lh9BkKPprmULQRcR124zgKHxc8OvjCi9','https://drive.google.com/uc?export=view&id=1gp5JIaT_6NYVIvu7Gki_dgbHZCIt2bKp','2020-08-27 10:00:00','2020-08-31 13:59:59',4,17,250);
insert into discount(post_id,step,min_require,discount_rate)
values
(21,'FIRST',100,15),
(21,'SECOND',200,20),
(21,'THIRD',250,25);

insert into post(id,product_name,price,preview,thumbnail,detail_page,created_date,closing_date,category_id,user_id,goal)
        values
(22,'유기농 진저(생강) 꿀',59000,'https://drive.google.com/uc?export=view&id=1lD8tbZp2wpkb787i6xqXIINxU9ahPMG4','https://drive.google.com/uc?export=view&id=1lzsXNgRkcIpLsTeaHUwyzpifQaMjOJ7c','https://drive.google.com/uc?export=view&id=1Nx3UKIAYhXazLItT5Vxuq-USMoyA_Clr','2020-08-29 10:00:00','2020-09-05 23:59:59',4,18,400);
insert into discount(post_id,step,min_require,discount_rate)
values
(22,'FIRST',150,5),
(22,'SECOND',250,10),
(22,'THIRD',400,15);

insert into post(id,product_name,price,preview,thumbnail,detail_page,created_date,closing_date,category_id,user_id,goal)
        values
(23,'유기농 아이스크림 컵 15개(초코,딸기,바닐라,망고)',60000,'https://drive.google.com/uc?export=view&id=1oUBhEHAu4SgzpsYG11rmRMPwI54IUFkl','https://drive.google.com/uc?export=view&id=11aBLh4f1IOojX_ZF1e9ktYfBsBR5hnGz','https://drive.google.com/uc?export=view&id=1GNaF8kppcQ5qz5HLLeSXtWzPl7y2Mq0s','2020-08-28 10:00:00','2020-09-04 23:59:59',4,19,450);
insert into discount(post_id,step,min_require,discount_rate)
values
(23,'FIRST',200,50),
(23,'SECOND',350,55),
(23,'THIRD',450,65);

insert into post(id,product_name,price,preview,thumbnail,detail_page,created_date,closing_date,category_id,user_id,goal)
        values
(24,'아침에스프 3가지맛 60스틱(그린20+옐로우20+레드20)',58000,'https://drive.google.com/uc?export=view&id=1k7coBYBvwnU0-F8RhBq3KxJRa-ZyNvl_','https://drive.google.com/uc?export=view&id=1-W7UA3A5mKmmuT4iAQztzdHVjnE2a1kY','https://drive.google.com/uc?export=view&id=1XpkL0QIA6d5xHFUATcOrmaHJ3abtFqVq','2020-08-29 10:00:00','2020-09-05 23:59:59',4,20,300);
insert into discount(post_id,step,min_require,discount_rate)
values
(24,'FIRST',150,20),
(24,'SECOND',250,10),
(24,'THIRD',400,15);

insert into post(id,product_name,price,preview,thumbnail,detail_page,created_date,closing_date,category_id,user_id,goal)
        values
(25,'무선 물걸레청소기 D010 화이트',249000,'https://drive.google.com/uc?export=view&id=1DkD1FqWr_WD008caVXnYdqC0TIfkv_iK','https://drive.google.com/uc?export=view&id=1loqa8Wnt8QWMWV8Hc_6QDXtP2qlz2x_b','https://drive.google.com/uc?export=view&id=1loqa8Wnt8QWMWV8Hc_6QDXtP2qlz2x_b','2020-08-27 10:00:00','2020-09-02 23:59:59',5,21,800);
insert into discount(post_id,step,min_require,discount_rate)
values
(25,'FIRST',200,20),
(25,'SECOND',500,25),
(25,'THIRD',800,35);

insert into post(id,product_name,price,preview,thumbnail,detail_page,created_date,closing_date,category_id,user_id,goal)
        values
(26,'초음파가습기 C011 화이트',129000,'https://drive.google.com/uc?export=view&id=1QggvU6qAh74QrOQhdZU1qM8TV_x011Tj','https://drive.google.com/uc?export=view&id=1j5e9Y5zHBI7dr0SYkW52E2OnuI2AxiYw','https://drive.google.com/uc?export=view&id=1ePw1RiLiv8B9zLyo_EcGbB5AKqVGYwOL','2020-08-29 10:00:00','2020-09-05 23:59:59',5,21,400);
insert into discount(post_id,step,min_require,discount_rate)
values
(26,'FIRST',150,15),
(26,'SECOND',250,20),
(26,'THIRD',400,35);

insert into post(id,product_name,price,preview,thumbnail,detail_page,created_date,closing_date,category_id,user_id,goal)
        values
(27,'핸디형 스팀다리미 DB8231',59800,'https://drive.google.com/uc?export=view&id=1bhR5ikSGH7aiaeXQ9Yj5_VYqmibv6uGi','https://drive.google.com/uc?export=view&id=1xTJFsQyvNzkmeFf2glCKAVBeSPUWqeDi','https://drive.google.com/uc?export=view&id=1bAbLL9ziuneYUkfR6LRIO18Qj0Ssm2vw','2020-08-29 10:00:00','2020-09-05 23:59:59',5,22,300);
insert into discount(post_id,step,min_require,discount_rate)
values
(27,'FIRST',150,20),
(27,'SECOND',200,30),
(27,'THIRD',300,40);

insert into post(id,product_name,price,preview,thumbnail,detail_page,created_date,closing_date,category_id,user_id,goal)
        values
(28,'스카이 케어 윈드 200 휴대용 클립 선풍기 C타입 SKY-WD200',19900,'https://drive.google.com/uc?export=view&id=167ATtnMn4r9I5YQcy3hTyfQCPpgiggJK','https://drive.google.com/uc?export=view&id=1STSxaqvHvVij_FDJi4efslBOJiiIIeJD','https://drive.google.com/uc?export=view&id=1ERrqrOWNQzn3MJ-8xAdQozS08VSocNbC','2020-08-29 10:00:00','2020-09-05 23:59:59',5,23,250);
insert into discount(post_id,step,min_require,discount_rate)
values
(28,'FIRST',100,15),
(28,'SECOND',200,20),
(28,'THIRD',250,25);

insert into post(id,product_name,price,preview,thumbnail,detail_page,created_date,closing_date,category_id,user_id,goal)
        values
(29,'와플 메이커 기계',39800,'https://drive.google.com/uc?export=view&id=1-UMxDdDydWpBN7SY2L7IAN2zS27ZzFdU','https://drive.google.com/uc?export=view&id=1AOD_TAbryo1h5JBnEY2DKam1Xc4xhX_I','https://drive.google.com/uc?export=view&id=1UcLWmzORjRrH6vGcYuofMBHIf45QX_sK','2020-08-28 10:00:00','2020-09-04 23:59:59',5,22,400);
insert into discount(post_id,step,min_require,discount_rate)
values
(29,'FIRST',150,5),
(29,'SECOND',250,10),
(29,'THIRD',400,15);

insert into post(id,product_name,price,preview,thumbnail,detail_page,created_date,closing_date,category_id,user_id,goal)
        values
(30,'니드 마사지건 NIID1 근육 근막 이완 진동안마기 마사지기',159000,'https://drive.google.com/uc?export=view&id=1LZ6tgAPQ67Mt9Btbt5vEdTactkCuEutv','https://drive.google.com/uc?export=view&id=1PXwGPZJgC7SW23cfBJMIzr6f8RxBm_6N','https://drive.google.com/uc?export=view&id=1FPTw9RbzSnenzst_1plBn_tzTagUHkoF','2020-08-29 10:00:00','2020-09-05 23:59:59',5,24,1000);
insert into discount(post_id,step,min_require,discount_rate)
values
(30,'FIRST',200,20),
(30,'SECOND',500,25),
(30,'THIRD',1000,35);

insert into post(id,product_name,price,preview,thumbnail,detail_page,created_date,closing_date,category_id,user_id,goal)
        values
(31,'실내자전거/헬스자전거 YA-106N',166800,'https://drive.google.com/uc?export=view&id=1YK4LCGhT0zZajidHs-74CYZiFTAADkuR','https://drive.google.com/uc?export=view&id=1d0O2vrIIVOXXENbs7lPQSLTySmgzbKEa','https://drive.google.com/uc?export=view&id=14FIQa0BVldlkfrCCYxLHV1yymLeWzcNS','2020-08-27 10:00:00','2020-09-02 23:59:59',6,25,700);
insert into discount(post_id,step,min_require,discount_rate)
values
(31,'FIRST',200,20),
(31,'SECOND',500,25),
(31,'THIRD',700,30);

insert into post(id,product_name,price,preview,thumbnail,detail_page,created_date,closing_date,category_id,user_id,goal)
        values
(32,'폼롤러 MDF019 45/60/90cm 원형 필라테스 마사지 요가용품 지압',18500,'https://drive.google.com/uc?export=view&id=13nA8GYbSe3k0vTBbdRi3aXoviQm3WTEl','https://drive.google.com/uc?export=view&id=1yr1Q7syuXT95FNYzDV01PXcRjGdkIjjp','https://drive.google.com/uc?export=view&id=1NyNzyy1iLJPiY65nEhNz_bdkm49C1alY','2020-08-27 10:00:00','2020-09-02 23:59:59',6,26,100);
insert into discount(post_id,step,min_require,discount_rate)
values
(32,'FIRST',20,15),
(32,'SECOND',50,20),
(32,'THIRD',100,25);

insert into post(id,product_name,price,preview,thumbnail,detail_page,created_date,closing_date,category_id,user_id,goal)
        values
(33,'S바디 요가링',19700,'https://drive.google.com/uc?export=view&id=1ppcOTk3BW4m837Ql_ricakI-AnAv0GN9','https://drive.google.com/uc?export=view&id=16IETjnl8fwhHu7PL66lzS6Vb6AKRe09B','https://drive.google.com/uc?export=view&id=1HwajjfPtJs7YdcP8-UCMllDP48P58I5e','2020-08-26 10:00:00','2020-08-31 13:59:59',6,27,250);
insert into discount(post_id,step,min_require,discount_rate)
values
(33,'FIRST',100,15),
(33,'SECOND',200,20),
(33,'THIRD',250,25);

insert into post(id,product_name,price,preview,thumbnail,detail_page,created_date,closing_date,category_id,user_id,goal)
        values
(34,'트라택 요가매트',26000,'https://drive.google.com/uc?export=view&id=1yX8-NzA8ipQh58kaRHtVtfqXT4cH7F2r','https://drive.google.com/uc?export=view&id=18A0rH5emJjpGK9glw9AFxtkkYN4jgg5Y','https://drive.google.com/uc?export=view&id=1jgEa-bYV-HApNoNz30_UjfNHVldlsRho','2020-08-29 10:00:00','2020-09-05 23:59:59',6,27,300);
insert into discount(post_id,step,min_require,discount_rate)
values
(34,'FIRST',150,20),
(34,'SECOND',200,30),
(34,'THIRD',300,35);

insert into post(id,product_name,price,preview,thumbnail,detail_page,created_date,closing_date,category_id,user_id,goal)
        values
(35,'몸에 붙이는 EMS 트레이닝 기어',298000,'https://drive.google.com/uc?export=view&id=1M8U02MVox4xrBpW_tLtMis1t4zgfQH2i','https://drive.google.com/uc?export=view&id=1YCxjuQu3bTj9xzh6wa2lY1VhZS0W_Wot','https://drive.google.com/uc?export=view&id=1KKCCgXwIKQbuocvZSGDj2n30y1bz7Fq2','2020-08-29 10:00:00','2020-09-05 23:59:59',6,28,700);
insert into discount(post_id,step,min_require,discount_rate)
values
(35,'FIRST',200,30),
(35,'SECOND',500,35),
(35,'THIRD',700,45);

insert into post(id,product_name,price,preview,thumbnail,detail_page,created_date,closing_date,category_id,user_id,goal)
        values
(36,'건형 우드 패럴렛바',159000,'https://drive.google.com/uc?export=view&id=1a15TRuEbfGXzEV_hdO_KQZl9Mj_N9EY_','https://drive.google.com/uc?export=view&id=1PU03mTrj9SWkV49sLz2XbBHRi8rimfBi','https://drive.google.com/uc?export=view&id=1eXlL100vTVxEgTO_C5eiCknjClQN_3zV','2020-08-28 10:00:00','2020-09-04 23:59:59',6,29,350);
insert into discount(post_id,step,min_require,discount_rate)
values
(36,'FIRST',150,35),
(36,'SECOND',250,40),
(36,'THIRD',350,45);

insert into post(id,product_name,price,preview,thumbnail,detail_page,created_date,closing_date,category_id,user_id,goal)
        values
(37,'리베르 섬유향수 80ml',12000,'https://drive.google.com/uc?export=view&id=1qJ9lNkxXEv0-qpye9WU59XiecRLhkW6u','https://drive.google.com/uc?export=view&id=1MraQJnJcaFpNgr_dYVV-CG_96TRDcxyf','https://drive.google.com/uc?export=view&id=1ko0YFrtgkRXBQ-HEEmLrwCD0SidL25AU','2020-08-29 10:00:00','2020-09-05 23:59:59',7,36,300);
insert into discount(post_id,step,min_require,discount_rate)
values
(37,'FIRST',100,5),
(37,'SECOND',200,10),
(37,'THIRD',300,15);

insert into post(id,product_name,price,preview,thumbnail,detail_page,created_date,closing_date,category_id,user_id,goal)
        values
(38,'생활도감 10중 스크래퍼 혀클리너',13500,'https://drive.google.com/uc?export=view&id=19kKFg2bE2UnVwbOB_AgWxjnLyf3e_o_6','https://drive.google.com/uc?export=view&id=1SspOVuw-XY7mfo57cjQfSJnWwMOn-ljQ','https://drive.google.com/uc?export=view&id=1M6UfXiSKV5BPECvXUDgr3Eao8-g5QQ9E','2020-08-27 10:00:00','2020-09-02 23:59:59',7,4,300);
insert into discount(post_id,step,min_require,discount_rate)
values
(38,'FIRST',100,10),
(38,'SECOND',200,15),
(38,'THIRD',300,20);

insert into post(id,product_name,price,preview,thumbnail,detail_page,created_date,closing_date,category_id,user_id,goal)
        values
(39,'스탠리 GO CERAMIVAC',52000,'https://drive.google.com/uc?export=view&id=1THS4hoRrA28fCouK2fAejKCkjm0li39J','https://drive.google.com/uc?export=view&id=1MraQJnJcaFpNgr_dYVV-CG_96TRDcxyf','https://drive.google.com/uc?export=view&id=1-B_0Av05XmySQtCPwmzaF9ZHyIptFl2r','2020-08-27 10:00:00','2020-09-02 23:59:59',7,37,500);
insert into discount(post_id,step,min_require,discount_rate)
values
(39,'FIRST',200,45),
(39,'SECOND',350,50),
(39,'THIRD',500,60);

insert into post(id,product_name,price,preview,thumbnail,detail_page,created_date,closing_date,category_id,user_id,goal)
        values
(40,'WATER MELON - gray 인센스 홀더 향꽂이',28000,'https://drive.google.com/uc?export=view&id=1AKVhsPoPlt1osU6ZG8V18YA2g2xW0SfO','https://drive.google.com/uc?export=view&id=1hqkwNuitVNWfR8T4CFNSTlyWGPQekvMx','https://drive.google.com/uc?export=view&id=1wwAq6A90eksAWB0llrqqRbS_JA9LGp-G','2020-08-28 10:00:00','2020-09-04 23:59:59',7,38,300);
insert into discount(post_id,step,min_require,discount_rate)
values
(40,'FIRST',150,5),
(40,'SECOND',200,10),
(40,'THIRD',300,15);

insert into post(id,product_name,price,preview,thumbnail,detail_page,created_date,closing_date,category_id,user_id,goal)
        values
(41,'칼리타 102LD 드립세트N',50000,'https://drive.google.com/uc?export=view&id=1-WwW7-TAMhHBrSlLx0AU4g4rCC0RdNeh','https://drive.google.com/uc?export=view&id=1KN1QOdnivfTrhFk48B1wd8xJcHXxjSft','https://drive.google.com/uc?export=view&id=1sdEmHzbTqVTGpDE0AXPvb_9Zg9YytjQs','2020-08-28 10:00:00','2020-09-04 23:59:59',7,39,200);
insert into discount(post_id,step,min_require,discount_rate)
values
(41,'FIRST',100,30),
(41,'SECOND',150,40),
(41,'THIRD',200,45);

insert into post(id,product_name,price,preview,thumbnail,detail_page,created_date,closing_date,category_id,user_id,goal)
        values
(42,'아이카사 폴딩박스 S 4세트',14000,'https://drive.google.com/uc?export=view&id=1IFcS0GbYW7x24QoCmVOukbbQtKXA5uZ-','https://drive.google.com/uc?export=view&id=1hE67Qd4zrdNShtj27DKNMi1KtLCdJ6te','https://drive.google.com/uc?export=view&id=139EJd0JMfbUsBHSt-aegMZvRrRfjmUfn','2020-08-26 10:00:00','2020-08-31 13:59:59',7,40,500);
insert into discount(post_id,step,min_require,discount_rate)
values
(42,'FIRST',150,10),
(42,'SECOND',350,15),
(42,'THIRD',500,20);


-- 댓글
insert into comment(id,created_date, comment,parent_comment_id,post_id,user_id)
values
(1,'2020-08-20 23:59:59','1번',null ,1,1),
(2,'2020-08-20 22:59:59','2번',1 ,1,1),
(3,'2020-08-20 21:59:59','3번',1 ,1,1),
(4,'2020-08-20 23:40:59','4번',1 ,1,1),
(5,'2020-08-20 18:59:59','5번',1 ,1,1),
(6,'2020-08-20 11:59:59','6번',1 ,1,1),
(7,'2020-08-20 23:50:59','7번',1 ,1,1);
