-- 카테고리
insert into category(id,name) values
(1,'살림'),
(2,'패션'),
(3,'뷰티'),
(4,'푸드'),
(5,'가전'),
(6,'스포츠'),
(7,'잡화');



-- 유저
insert into user(id,user_id,name,thumbnail)
values
(1,'1','공백','https://drive.google.com/uc?export=view&id=1709Q3i8xvyUA4_DH1j9e7CgQ8YrfLbBJ'),
(2,'2','250디자인','https://drive.google.com/uc?export=view&id=12yvFKpwCbQLHhQohm-Qukngr4NbR9cI0'),
(3,'3','낫포유','https://drive.google.com/uc?export=view&id=17g1NAummP1yk-W6OwWJEinp0-5DxMSvD'),
(4,'4','생활도감','https://drive.google.com/uc?export=view&id=1NQKPDKR2BlWBWkAzf3qQbF4SM97TmcA4'),
(5,'5','타월로지스트','https://drive.google.com/uc?export=view&id=1BCXFBkZj8LiHAdoQf9jVYq0eHVanuxRi'),
(6,'6','나이키','https://drive.google.com/uc?export=view&id=1WgiUJa0r1dsNJBkeDvUSteWRGdAeVLUK'),
(7,'7','타미힐피거','https://drive.google.com/uc?export=view&id=13uHNQBykj44maVfm8eSYd9eyjjMlCJH7'),
(8,'8','챔피온','https://drive.google.com/uc?export=view&id=1DgW0mGhDmrj7pJ56tcNUxo_id8j0YHhz'),
(9,'9','잔스포츠','https://drive.google.com/uc?export=view&id=1P_V5Fku1t_L232UlgZb1SBhOHPCWJP43'),
(10,'10','버켄스탁','https://drive.google.com/uc?export=view&id=1u8jcEEoaQdMlPkpWTv2S0N3piGliacm_'),
(11,'11','칼하트','https://drive.google.com/uc?export=view&id=1oWhWY4e117CFDP-8i9dtENdlUJTqcYB_'),
(12,'12','아쿠아 드 폴리','https://drive.google.com/uc?export=view&id=1yXfbx-UMY13obInAFlgb7hFhb70DjJ6O'),
(13,'13','헤지스맨 룰429','https://drive.google.com/uc?export=view&id=1gZh8TFqu_t8FJSa6O-LXk3G98W7ovS5-'),
(14,'14','블라이드','https://drive.google.com/uc?export=view&id=1RSxXQqaNeFBHrD2qK2f9Wp-iPQ27A59x'),
(15,'15','디오디너리','https://drive.google.com/uc?export=view&id=1uF9nn46j4qbm1rikc3U4G6X-YrBdsOKn'),
(16,'16','앤트러사이트','https://drive.google.com/uc?export=view&id=1iuP57HG3dQJ0dOxpfb75XKOswKFi-vQZ'),
(17,'17','인테이크','https://drive.google.com/uc?export=view&id=1UFPqpUux38V3mmlhyTLLYLaPnyh8ovgh'),
(18,'18','허니스트','https://drive.google.com/uc?export=view&id=1DqN6urGTbArMz0bzw6JKtv5UuhnOxEod'),
(19,'19','떼르드글라스','https://drive.google.com/uc?export=view&id=1Gw93RhgNOWS-EIHf-r-Hq9_qmGszm-7e'),
(20,'20','서울우유','https://drive.google.com/uc?export=view&id=1Qf8fS-3ngEYTPALFg0bhhuEgm6279kC-'),
(21,'21','플러스마이너스제로','https://drive.google.com/uc?export=view&id=1OE1Benlkn4D3L6R9FsdwTGzD5oggq0FA'),
(22,'22','보만','https://drive.google.com/uc?export=view&id=1ceTeTO_ANQdxpL7guZnnc4g15sw2yLoN'),
(23,'23','스카이','https://drive.google.com/uc?export=view&id=1Kz-OmbGyjU1uZ3UpHGKLQaVoWJL15TBT'),
(24,'24','니드','https://drive.google.com/uc?export=view&id=1uNU_iMEzy70N-tJ3HSm6rhO7xl9bBj1x'),
(25,'25','렉스파','https://drive.google.com/uc?export=view&id=1Vt3Z_3Y5agc-DXlMLMCQtKl-BLRbYH-C'),
(26,'26','엑사이더','https://drive.google.com/uc?export=view&id=145zgMwfWtnAxIwzRYEs26de1pQt07-ih'),
(27,'27','트라택','https://drive.google.com/uc?export=view&id=1BYxHWDuUZPZEDuc80HAOZJEyM5cWsOWF'),
(28,'28','식스패드','https://drive.google.com/uc?export=view&id=1QCNJSZuSL08QOazmjM8eoaUZAQDVrHF7'),
(29,'29','건강한형제들','https://drive.google.com/uc?export=view&id=1bJTB3x63TsIKieGufzbVBfSLLKzZwy5b'),
(30,'30','30',''),
(31,'31','31',''),
(32,'32','32',''),
(33,'33','33',''),
(34,'34','34',''),
(35,'35','35',''),
(36,'36','리베르','https://drive.google.com/uc?export=view&id=1pO8kSmGLAPyoflzO9mbhhwsnrTVFNI4Y'),
(37,'37','스탠리','https://drive.google.com/uc?export=view&id=19GuZyUgrFqoSCh6OVEJINHJj8f1O50Za'),
(38,'38','워터탱크베이스먼트','https://drive.google.com/uc?export=view&id=1kuW451FDTMhTyr4qQ5FHLqvxEsym1WsY'),
(39,'39','칼리타','https://drive.google.com/uc?export=view&id=1pcFibEoAvBJ13kkwIyS5ZOkgrna7ot1I'),
(40,'40','아이카사','https://drive.google.com/uc?export=view&id=1TEtoqou4pL2SLwIhaVo48xToYdCgYJQe'),
(100,'100','곽소영',''),
(101,'101','반선호',''),
(102,'102','김경열',''),
(103,'103','김성준',''),
(104,'104','손우현',''),
(105,'105','김소연',''),
(106,'106','노은종',''),
(107,'107','여정수',''),
(108,'108','최담',''),
(109,'109','박혜린',''),
(110,'110','양효정',''),
(111,'111','하주형',''),
(112,'112','김종훈',''),
(113,'113','이종훈',''),
(114,'114','최승일',''),
(115,'115','최용호',''),
(116,'116','정소라',''),
(117,'117','이나라',''),
(118,'118','김민우',''),
(119,'119','박민우',''),
(120,'120','오민우',''),
(121,'121','김병우',''),
(122,'122','김규희',''),
(123,'123','이예슬',''),
(124,'124','윤나라',''),
(125,'125','김신우',''),
(126,'126','최나라',''),
(127,'127','김홍섭',''),
(128,'128','감기배',''),
(129,'129','윤준',''),
(130,'130','이인규',''),
(131,'131','최준',''),
(132,'132','박상백',''),
(133,'133','황예리',''),
(134,'134','윤정은',''),
(135,'135','차서현',''),
(136,'136','이서완',''),
(137,'137','김기환',''),
(138,'138','오기환',''),
(139,'139','이승준',''),
(140,'140','이승용',''),
(141,'141','강민',''),
(142,'142','고길동',''),
(143,'143','김빛나',''),
(144,'144','박하나',''),
(145,'145','손지수',''),
(146,'146','이은결',''),
(147,'147','최은지',''),
(148,'148','박성준',''),
(149,'149','고병화',''),
(150,'150','이승원',''),
(151,'151','강지원',''),
(700,'700','',''),
(701,'701','',''),
(702,'702','',''),
(703,'703','',''),
(704,'704','',''),
(705,'705','',''),
(706,'706','',''),
(707,'707','',''),
(708,'708','',''),
(709,'709','',''),
(710,'710','',''),
(711,'711','',''),
(712,'712','',''),
(713,'713','',''),
(714,'714','',''),
(715,'715','',''),
(716,'716','',''),
(717,'717','',''),
(718,'718','',''),
(719,'719','',''),
(720,'720','',''),
(721,'721','',''),
(722,'722','',''),
(723,'723','',''),
(724,'724','',''),
(725,'725','',''),
(726,'726','',''),
(727,'727','',''),
(728,'728','',''),
(729,'729','',''),
(730,'730','',''),
(731,'731','',''),
(732,'732','',''),
(733,'733','',''),
(734,'734','',''),
(735,'735','',''),
(736,'736','',''),
(737,'737','',''),
(738,'738','',''),
(739,'739','',''),
(740,'740','',''),
(741,'741','',''),
(742,'742','',''),
(743,'743','',''),
(744,'744','',''),
(745,'745','',''),
(746,'746','',''),
(747,'747','',''),
(748,'748','',''),
(749,'749','',''),
(750,'750','',''),
(751,'751','',''),
(752,'752','',''),
(753,'753','',''),
(754,'754','',''),
(755,'755','',''),
(756,'756','',''),
(757,'757','',''),
(758,'758','',''),
(759,'759','',''),
(760,'760','',''),
(761,'761','',''),
(762,'762','',''),
(763,'763','',''),
(764,'764','',''),
(765,'765','',''),
(766,'766','',''),
(767,'767','',''),
(768,'768','',''),
(769,'769','',''),
(770,'770','',''),
(771,'771','',''),
(772,'772','',''),
(773,'773','',''),
(774,'774','',''),
(775,'775','',''),
(776,'776','',''),
(777,'777','',''),
(778,'778','',''),
(779,'779','',''),
(780,'780','',''),
(781,'781','',''),
(782,'782','',''),
(783,'783','',''),
(784,'784','',''),
(785,'785','',''),
(786,'786','',''),
(787,'787','',''),
(788,'788','',''),
(789,'789','',''),
(790,'790','',''),
(791,'791','',''),
(792,'792','',''),
(793,'793','',''),
(794,'794','',''),
(795,'795','',''),
(796,'796','',''),
(797,'797','',''),
(798,'798','',''),
(799,'799','',''),
(800,'800','',''),
(801,'801','',''),
(802,'802','',''),
(803,'803','',''),
(804,'804','',''),
(805,'805','',''),
(806,'806','',''),
(807,'807','',''),
(808,'808','',''),
(809,'809','',''),
(810,'810','',''),
(811,'811','',''),
(812,'812','',''),
(813,'813','',''),
(814,'814','',''),
(815,'815','',''),
(816,'816','',''),
(817,'817','',''),
(818,'818','',''),
(819,'819','',''),
(820,'820','',''),
(821,'821','',''),
(822,'822','',''),
(823,'823','',''),
(824,'824','',''),
(825,'825','',''),
(826,'826','',''),
(827,'827','',''),
(828,'828','',''),
(829,'829','',''),
(830,'830','',''),
(831,'831','',''),
(832,'832','',''),
(833,'833','',''),
(834,'834','',''),
(835,'835','',''),
(836,'836','',''),
(837,'837','',''),
(838,'838','',''),
(839,'839','',''),
(840,'840','',''),
(841,'841','',''),
(842,'842','',''),
(843,'843','',''),
(844,'844','',''),
(845,'845','',''),
(846,'846','',''),
(847,'847','',''),
(848,'848','',''),
(849,'849','',''),
(850,'850','',''),
(851,'851','',''),
(852,'852','',''),
(853,'853','',''),
(854,'854','',''),
(855,'855','',''),
(856,'856','',''),
(857,'857','',''),
(858,'858','',''),
(859,'859','',''),
(860,'860','',''),
(861,'861','',''),
(862,'862','',''),
(863,'863','',''),
(864,'864','',''),
(865,'865','',''),
(866,'866','',''),
(867,'867','',''),
(868,'868','',''),
(869,'869','',''),
(870,'870','',''),
(871,'871','',''),
(872,'872','',''),
(873,'873','',''),
(874,'874','',''),
(875,'875','',''),
(876,'876','',''),
(877,'877','',''),
(878,'878','',''),
(879,'879','',''),
(880,'880','',''),
(881,'881','',''),
(882,'882','',''),
(883,'883','',''),
(884,'884','',''),
(885,'885','',''),
(886,'886','',''),
(887,'887','',''),
(888,'888','',''),
(889,'889','',''),
(890,'890','',''),
(891,'891','',''),
(892,'892','',''),
(893,'893','',''),
(894,'894','',''),
(895,'895','',''),
(896,'896','',''),
(897,'897','',''),
(898,'898','',''),
(899,'899','',''),
(900,'900','',''),
(901,'901','',''),
(902,'902','',''),
(903,'903','',''),
(904,'904','',''),
(905,'905','',''),
(906,'906','',''),
(907,'907','',''),
(908,'908','',''),
(909,'909','',''),
(910,'910','',''),
(911,'911','',''),
(912,'912','',''),
(913,'913','',''),
(914,'914','',''),
(915,'915','',''),
(916,'916','',''),
(917,'917','',''),
(918,'918','',''),
(919,'919','',''),
(920,'920','',''),
(921,'921','',''),
(922,'922','',''),
(923,'923','',''),
(924,'924','',''),
(925,'925','',''),
(926,'926','',''),
(927,'927','',''),
(928,'928','',''),
(929,'929','',''),
(930,'930','',''),
(931,'931','',''),
(932,'932','',''),
(933,'933','',''),
(934,'934','',''),
(935,'935','',''),
(936,'936','',''),
(937,'937','',''),
(938,'938','',''),
(939,'939','',''),
(940,'940','',''),
(941,'941','',''),
(942,'942','',''),
(943,'943','',''),
(944,'944','',''),
(945,'945','',''),
(946,'946','',''),
(947,'947','',''),
(948,'948','',''),
(949,'949','',''),
(950,'950','',''),
(951,'951','',''),
(952,'952','',''),
(953,'953','',''),
(954,'954','',''),
(955,'955','',''),
(956,'956','',''),
(957,'957','',''),
(958,'958','',''),
(959,'959','',''),
(960,'960','',''),
(961,'961','',''),
(962,'962','',''),
(963,'963','',''),
(964,'964','',''),
(965,'965','',''),
(966,'966','',''),
(967,'967','',''),
(968,'968','',''),
(969,'969','',''),
(970,'970','',''),
(971,'971','',''),
(972,'972','',''),
(973,'973','',''),
(974,'974','',''),
(975,'975','',''),
(976,'976','',''),
(977,'977','',''),
(978,'978','',''),
(979,'979','',''),
(980,'980','',''),
(981,'981','',''),
(982,'982','',''),
(983,'983','',''),
(984,'984','',''),
(985,'985','',''),
(986,'986','',''),
(987,'987','',''),
(988,'988','',''),
(989,'989','',''),
(990,'990','',''),
(991,'991','',''),
(992,'992','',''),
(993,'993','',''),
(994,'994','',''),
(995,'995','',''),
(996,'996','',''),
(997,'997','',''),
(998,'998','',''),
(999,'999','',''),
(1000,'1000','',''),
(1001,'1001','',''),
(1002,'1002','',''),
(1003,'1003','',''),
(1004,'1004','',''),
(1005,'1005','',''),
(1006,'1006','',''),
(1007,'1007','',''),
(1008,'1008','',''),
(1009,'1009','',''),
(1010,'1010','',''),
(1011,'1011','',''),
(1012,'1012','',''),
(1013,'1013','',''),
(1014,'1014','',''),
(1015,'1015','',''),
(1016,'1016','',''),
(1017,'1017','',''),
(1018,'1018','',''),
(1019,'1019','',''),
(1020,'1020','',''),
(1021,'1021','',''),
(1022,'1022','',''),
(1023,'1023','',''),
(1024,'1024','',''),
(1025,'1025','',''),
(1026,'1026','',''),
(1027,'1027','',''),
(1028,'1028','',''),
(1029,'1029','',''),
(1030,'1030','',''),
(1031,'1031','',''),
(1032,'1032','',''),
(1033,'1033','',''),
(1034,'1034','',''),
(1035,'1035','',''),
(1036,'1036','',''),
(1037,'1037','',''),
(1038,'1038','',''),
(1039,'1039','',''),
(1040,'1040','',''),
(1041,'1041','',''),
(1042,'1042','',''),
(1043,'1043','',''),
(1044,'1044','',''),
(1045,'1045','',''),
(1046,'1046','',''),
(1047,'1047','',''),
(1048,'1048','',''),
(1049,'1049','',''),
(1050,'1050','',''),
(1051,'1051','',''),
(1052,'1052','',''),
(1053,'1053','',''),
(1054,'1054','',''),
(1055,'1055','',''),
(1056,'1056','',''),
(1057,'1057','',''),
(1058,'1058','',''),
(1059,'1059','',''),
(1060,'1060','',''),
(1061,'1061','',''),
(1062,'1062','',''),
(1063,'1063','',''),
(1064,'1064','',''),
(1065,'1065','',''),
(1066,'1066','',''),
(1067,'1067','',''),
(1068,'1068','',''),
(1069,'1069','',''),
(1070,'1070','',''),
(1071,'1071','',''),
(1072,'1072','',''),
(1073,'1073','',''),
(1074,'1074','',''),
(1075,'1075','',''),
(1076,'1076','',''),
(1077,'1077','',''),
(1078,'1078','',''),
(1079,'1079','',''),
(1080,'1080','',''),
(1081,'1081','',''),
(1082,'1082','',''),
(1083,'1083','',''),
(1084,'1084','',''),
(1085,'1085','',''),
(1086,'1086','',''),
(1087,'1087','',''),
(1088,'1088','',''),
(1089,'1089','',''),
(1090,'1090','',''),
(1091,'1091','',''),
(1092,'1092','',''),
(1093,'1093','',''),
(1094,'1094','',''),
(1095,'1095','',''),
(1096,'1096','',''),
(1097,'1097','',''),
(1098,'1098','',''),
(1099,'1099','',''),
(1100,'1100','',''),
(1101,'1101','',''),
(1102,'1102','',''),
(1103,'1103','',''),
(1104,'1104','',''),
(1105,'1105','',''),
(1106,'1106','',''),
(1107,'1107','',''),
(1108,'1108','',''),
(1109,'1109','',''),
(1110,'1110','',''),
(1111,'1111','',''),
(1112,'1112','',''),
(1113,'1113','',''),
(1114,'1114','',''),
(1115,'1115','',''),
(1116,'1116','',''),
(1117,'1117','',''),
(1118,'1118','',''),
(1119,'1119','',''),
(1120,'1120','',''),
(1121,'1121','',''),
(1122,'1122','',''),
(1123,'1123','',''),
(1124,'1124','',''),
(1125,'1125','',''),
(1126,'1126','',''),
(1127,'1127','',''),
(1128,'1128','',''),
(1129,'1129','',''),
(1130,'1130','',''),
(1131,'1131','',''),
(1132,'1132','',''),
(1133,'1133','',''),
(1134,'1134','',''),
(1135,'1135','',''),
(1136,'1136','',''),
(1137,'1137','',''),
(1138,'1138','',''),
(1139,'1139','',''),
(1140,'1140','',''),
(1141,'1141','',''),
(1142,'1142','',''),
(1143,'1143','',''),
(1144,'1144','',''),
(1145,'1145','',''),
(1146,'1146','',''),
(1147,'1147','',''),
(1148,'1148','',''),
(1149,'1149','',''),
(1150,'1150','',''),
(1151,'1151','',''),
(1152,'1152','',''),
(1153,'1153','',''),
(1154,'1154','',''),
(1155,'1155','',''),
(1156,'1156','',''),
(1157,'1157','',''),
(1158,'1158','',''),
(1159,'1159','',''),
(1160,'1160','',''),
(1161,'1161','',''),
(1162,'1162','',''),
(1163,'1163','',''),
(1164,'1164','',''),
(1165,'1165','',''),
(1166,'1166','',''),
(1167,'1167','',''),
(1168,'1168','',''),
(1169,'1169','',''),
(1170,'1170','',''),
(1171,'1171','',''),
(1172,'1172','',''),
(1173,'1173','',''),
(1174,'1174','',''),
(1175,'1175','',''),
(1176,'1176','',''),
(1177,'1177','',''),
(1178,'1178','',''),
(1179,'1179','',''),
(1180,'1180','',''),
(1181,'1181','',''),
(1182,'1182','',''),
(1183,'1183','',''),
(1184,'1184','',''),
(1185,'1185','',''),
(1186,'1186','',''),
(1187,'1187','',''),
(1188,'1188','',''),
(1189,'1189','',''),
(1190,'1190','',''),
(1191,'1191','',''),
(1192,'1192','',''),
(1193,'1193','',''),
(1194,'1194','',''),
(1195,'1195','',''),
(1196,'1196','',''),
(1197,'1197','',''),
(1198,'1198','',''),
(1199,'1199','',''),
(1200,'1200','',''),
(1201,'1201','',''),
(1202,'1202','',''),
(1203,'1203','',''),
(1204,'1204','',''),
(1205,'1205','',''),
(1206,'1206','',''),
(1207,'1207','',''),
(1208,'1208','',''),
(1209,'1209','',''),
(1210,'1210','',''),
(1211,'1211','',''),
(1212,'1212','',''),
(1213,'1213','',''),
(1214,'1214','',''),
(1215,'1215','',''),
(1216,'1216','',''),
(1217,'1217','',''),
(1218,'1218','',''),
(1219,'1219','',''),
(1220,'1220','',''),
(1221,'1221','',''),
(1222,'1222','',''),
(1223,'1223','',''),
(1224,'1224','',''),
(1225,'1225','',''),
(1226,'1226','',''),
(1227,'1227','',''),
(1228,'1228','',''),
(1229,'1229','',''),
(1230,'1230','',''),
(1231,'1231','',''),
(1232,'1232','',''),
(1233,'1233','',''),
(1234,'1234','',''),
(1235,'1235','',''),
(1236,'1236','',''),
(1237,'1237','',''),
(1238,'1238','',''),
(1239,'1239','',''),
(1240,'1240','',''),
(1241,'1241','',''),
(1242,'1242','',''),
(1243,'1243','',''),
(1244,'1244','',''),
(1245,'1245','',''),
(1246,'1246','',''),
(1247,'1247','',''),
(1248,'1248','',''),
(1249,'1249','',''),
(1250,'1250','',''),
(1251,'1251','',''),
(1252,'1252','',''),
(1253,'1253','',''),
(1254,'1254','',''),
(1255,'1255','',''),
(1256,'1256','',''),
(1257,'1257','',''),
(1258,'1258','',''),
(1259,'1259','',''),
(1260,'1260','',''),
(1261,'1261','',''),
(1262,'1262','',''),
(1263,'1263','',''),
(1264,'1264','',''),
(1265,'1265','',''),
(1266,'1266','',''),
(1267,'1267','',''),
(1268,'1268','',''),
(1269,'1269','',''),
(1270,'1270','',''),
(1271,'1271','',''),
(1272,'1272','',''),
(1273,'1273','',''),
(1274,'1274','',''),
(1275,'1275','',''),
(1276,'1276','',''),
(1277,'1277','',''),
(1278,'1278','',''),
(1279,'1279','',''),
(1280,'1280','',''),
(1281,'1281','',''),
(1282,'1282','',''),
(1283,'1283','',''),
(1284,'1284','',''),
(1285,'1285','',''),
(1286,'1286','',''),
(1287,'1287','',''),
(1288,'1288','',''),
(1289,'1289','',''),
(1290,'1290','',''),
(1291,'1291','',''),
(1292,'1292','',''),
(1293,'1293','',''),
(1294,'1294','',''),
(1295,'1295','',''),
(1296,'1296','',''),
(1297,'1297','',''),
(1298,'1298','',''),
(1299,'1299','',''),
(1300,'1300','',''),
(1301,'1301','',''),
(1302,'1302','',''),
(1303,'1303','',''),
(1304,'1304','',''),
(1305,'1305','',''),
(1306,'1306','',''),
(1307,'1307','',''),
(1308,'1308','',''),
(1309,'1309','',''),
(1310,'1310','',''),
(1311,'1311','',''),
(1312,'1312','',''),
(1313,'1313','',''),
(1314,'1314','',''),
(1315,'1315','',''),
(1316,'1316','',''),
(1317,'1317','',''),
(1318,'1318','',''),
(1319,'1319','',''),
(1320,'1320','',''),
(1321,'1321','',''),
(1322,'1322','',''),
(1323,'1323','',''),
(1324,'1324','',''),
(1325,'1325','',''),
(1326,'1326','',''),
(1327,'1327','',''),
(1328,'1328','',''),
(1329,'1329','',''),
(1330,'1330','',''),
(1331,'1331','',''),
(1332,'1332','',''),
(1333,'1333','',''),
(1334,'1334','',''),
(1335,'1335','',''),
(1336,'1336','',''),
(1337,'1337','',''),
(1338,'1338','',''),
(1339,'1339','',''),
(1340,'1340','',''),
(1341,'1341','',''),
(1342,'1342','',''),
(1343,'1343','',''),
(1344,'1344','',''),
(1345,'1345','',''),
(1346,'1346','',''),
(1347,'1347','',''),
(1348,'1348','',''),
(1349,'1349','',''),
(1350,'1350','',''),
(1351,'1351','',''),
(1352,'1352','',''),
(1353,'1353','',''),
(1354,'1354','',''),
(1355,'1355','',''),
(1356,'1356','',''),
(1357,'1357','',''),
(1358,'1358','',''),
(1359,'1359','',''),
(1360,'1360','',''),
(1361,'1361','',''),
(1362,'1362','',''),
(1363,'1363','',''),
(1364,'1364','',''),
(1365,'1365','',''),
(1366,'1366','',''),
(1367,'1367','',''),
(1368,'1368','',''),
(1369,'1369','',''),
(1370,'1370','',''),
(1371,'1371','',''),
(1372,'1372','',''),
(1373,'1373','',''),
(1374,'1374','',''),
(1375,'1375','',''),
(1376,'1376','',''),
(1377,'1377','',''),
(1378,'1378','',''),
(1379,'1379','',''),
(1380,'1380','',''),
(1381,'1381','',''),
(1382,'1382','',''),
(1383,'1383','',''),
(1384,'1384','',''),
(1385,'1385','',''),
(1386,'1386','',''),
(1387,'1387','',''),
(1388,'1388','',''),
(1389,'1389','',''),
(1390,'1390','',''),
(1391,'1391','',''),
(1392,'1392','',''),
(1393,'1393','',''),
(1394,'1394','',''),
(1395,'1395','',''),
(1396,'1396','',''),
(1397,'1397','',''),
(1398,'1398','',''),
(1399,'1399','',''),
(1400,'1400','','');

-- 게시글
insert into post(id,product_name,price,preview,thumbnail,detail_page,created_date,closing_date,category_id,user_id,goal)
        values
(1,'공백 세탁조 크리너 실속형 - 1통 4매입',20000,'https://drive.google.com/uc?export=view&id=1J0xqyXhQVyY03FDrXgErB9WGiTw3gofF','https://drive.google.com/uc?export=view&id=17_-Dozvw0CzatzrjABCJXu7vSSqnyztf','https://drive.google.com/uc?export=view&id=1biucWvVjn6b2PwEmRdddpX8A-JBFUWru','2020-08-28 10:00:00','2020-09-04 23:59:59',1,1,500);
insert into discount(post_id,step,min_require,discount_rate)
values
(1,'FIRST',150,15),
(1,'SECOND',200,20),
(1,'THIRD',230,25);

insert into post(id,product_name,price,preview,thumbnail,detail_page,created_date,closing_date,category_id,user_id,goal)
        values
(2,'옷장용 자연제습기 : Water Bottle',28000,'https://drive.google.com/uc?export=view&id=1ONx8DWaHtRTn7zD4A70AofcnIXqCpCZh','https://drive.google.com/uc?export=view&id=11mkRq7gmkUHuAuq6-5SKvUOkqhsemgFs','https://drive.google.com/uc?export=view&id=1J0RAS9ZLMCzSiRhqVR27Zp7r4OMtjhPc','2020-08-28 10:00:00','2020-09-04 23:59:59',1,2,200);
insert into discount(post_id,step,min_require,discount_rate)
values
(2,'FIRST',100,20),
(2,'SECOND',150,35),
(2,'THIRD',200,40);

insert into post(id,product_name,price,preview,thumbnail,detail_page,created_date,closing_date,category_id,user_id,goal)
        values
(3,'비타클렌징 마이크로필터(녹물제거)',14900,'https://drive.google.com/uc?export=view&id=1XBCEy5KUkYrhfTfYs31DTlQVgGh8G0Q5','https://drive.google.com/uc?export=view&id=1QpTi9dFRfWuGCsTIK-Y8vDpY42FQLRjU','https://drive.google.com/uc?export=view&id=10NZZY006mv4DPiywgCqoFbx3gyvclcLv','2020-08-28 10:00:00','2020-09-04 23:59:59',1,3,300);
insert into discount(post_id,step,min_require,discount_rate)
values
(3,'FIRST',150,20),
(3,'SECOND',200,30),
(3,'THIRD',300,40);

insert into post(id,product_name,price,preview,thumbnail,detail_page,created_date,closing_date,category_id,user_id,goal)
        values
(4,'생활도감 치약 4종 100g',14000,'https://drive.google.com/uc?export=view&id=1ikbuZGj1Y7d8xfCQ_yIccHUhc1-VF4MJ','https://drive.google.com/uc?export=view&id=1BYa6f9ryX5WNY2AJVlIWzQoIlDzjUedp','https://drive.google.com/uc?export=view&id=1FtvoMokod63rDvd1ahzYG-sI5nFbi4aJ','2020-08-28 10:00:00','2020-09-04 23:59:59',1,4,500);
insert into discount(post_id,step,min_require,discount_rate)
values
(4,'FIRST',200,20),
(4,'SECOND',350,25),
(4,'THIRD',500,30);

insert into post(id,product_name,price,preview,thumbnail,detail_page,created_date,closing_date,category_id,user_id,goal)
        values
(5,'공백 곰팡이 제거젤 5개입',37000,'https://drive.google.com/uc?export=view&id=19lfSicjE85mg6wF1EUUxslGfu_EBHzMr','https://drive.google.com/uc?export=view&id=1ml3Z5AvG0a0W7lcIoM5Yi9WdnSohe1HV','https://drive.google.com/uc?export=view&id=1-1p_Mf1mF1fyDR1GtueGm9_kOjEx1yY4','2020-08-26 10:00:00','2020-08-31 13:59:59',1,1,500);
insert into discount(post_id,step,min_require,discount_rate)
values
(5,'FIRST',200,5),
(5,'SECOND',300,10),
(5,'THIRD',500,15);

insert into post(id,product_name,price,preview,thumbnail,detail_page,created_date,closing_date,category_id,user_id,goal)
        values
(6,'프리미엄 솜 타월(10 colors)',15000,'https://drive.google.com/uc?export=view&id=1MKWrFXNL3yfIxp5YRKU1yRnORaQ871n8','https://drive.google.com/uc?export=view&id=19nMikWZVHtEGy4p_F9kplNlZpbrP7Oej','https://drive.google.com/uc?export=view&id=18tcMUo6yKDr95t-tnNqrFSlYIdVsmxF9','2020-08-29 10:00:00','2020-09-05 23:59:59',1,5,500);
insert into discount(post_id,step,min_require,discount_rate)
values
(6,'FIRST',200,5),
(6,'SECOND',350,10),
(6,'THIRD',500,15);

insert into post(id,product_name,price,preview,thumbnail,detail_page,created_date,closing_date,category_id,user_id,goal)
        values
(7,'나이키_NSW ESSNTL TOP',59900,'https://drive.google.com/uc?export=view&id=1CjQPyBKDtAyVpXix2UrXWkXzheKi6b6H','https://drive.google.com/uc?export=view&id=1Labcgsi8Szycu3Cc4BlK3dBs_DUIwcJ7','https://drive.google.com/uc?export=view&id=1DY0bWf9MEgygXqOw_gtSFc5c5AHUDpOY','2020-08-24 10:00:00','2020-09-06 23:59:59',2,6,200);
insert into discount(post_id,step,min_require,discount_rate)
values
(7,'FIRST',100,50),
(7,'SECOND',150,60),
(7,'THIRD',200,65);

insert into post(id,product_name,price,preview,thumbnail,detail_page,created_date,closing_date,category_id,user_id,goal)
        values
(8,'타미힐피거 코어 플래그 반팔티 화이트',59000,'https://drive.google.com/uc?export=view&id=1suYXK0SHXqaAkSX93s4eo-zYvWlO2DWL','https://drive.google.com/uc?export=view&id=1aaqAPg_1KR9JHgJ8h_zjZtuiCh26w8VN','https://drive.google.com/uc?export=view&id=1XrCQyiUH8lXI03UaxeQS3vnSHwfbgUiI','2020-08-26 10:00:00','2020-08-31 13:59:59',2,7,200);
insert into discount(post_id,step,min_require,discount_rate)
values
(8,'FIRST',100,55),
(8,'SECOND',150,60),
(8,'THIRD',200,65);

insert into post(id,product_name,price,preview,thumbnail,detail_page,created_date,closing_date,category_id,user_id,goal)
        values
(9,'클래식 풀랭스 삭스 3SET (WHITE)',21000,'https://drive.google.com/uc?export=view&id=1COm_waLbeO9wxnHDpdjBy3FfWuMApSpc','https://drive.google.com/uc?export=view&id=1gq05d-GF4HAilOgExk08ykwyL7sGmnIs','https://drive.google.com/uc?export=view&id=1YbHtmyCvLYGPqxZ0KRu8m8n0ttUGcGDS','2020-08-26 10:00:00','2020-08-31 13:59:59',2,8,300);
insert into discount(post_id,step,min_require,discount_rate)
values
(9,'FIRST',150,15),
(9,'SECOND',200,20),
(9,'THIRD',300,25);

insert into post(id,product_name,price,preview,thumbnail,detail_page,created_date,closing_date,category_id,user_id,goal)
        values
(10,'잔스포츠 슈퍼브레이크 블랙',49000,'https://drive.google.com/uc?export=view&id=1fvMnbHc3ig2vQSjoXrUx7ayW36v_8ZJI','https://drive.google.com/uc?export=view&id=13jDIDD035xazWk4N3OB7sgsJW9gAHuly','https://drive.google.com/uc?export=view&id=1OwwzKH-ajaoB7JZJYTSuqOjDte2QgLI1','2020-08-29 10:00:00','2020-09-05 23:59:59',2,9,400);
insert into discount(post_id,step,min_require,discount_rate)
values
(10,'FIRST',150,5),
(10,'SECOND',250,10),
(10,'THIRD',400,15);

insert into post(id,product_name,price,preview,thumbnail,detail_page,created_date,closing_date,category_id,user_id,goal)
        values
(11,'버켄스탁 아리조나 에바 블랙',59000,'https://drive.google.com/uc?export=view&id=11oPJDc3enUXN8z0Jcfu1FGNHXAXed4p3','https://drive.google.com/uc?export=view&id=1-RRSZN8d5-caM_Ec51F1U2ElbG9sDipE','https://drive.google.com/uc?export=view&id=1uYuOzByiYAsdRZHRk0XXAVZBI36XXTZq','2020-08-29 10:00:00','2020-09-05 23:59:59',2,10,300);
insert into discount(post_id,step,min_require,discount_rate)
values
(11,'FIRST',100,15),
(11,'SECOND',200,20),
(11,'THIRD',300,25);

insert into post(id,product_name,price,preview,thumbnail,detail_page,created_date,closing_date,category_id,user_id,goal)
        values
(12,'칼하트 오데사 볼캡 블랙',59000,'https://drive.google.com/uc?export=view&id=1h9Q-d2U5f-fMWd7LQsW2cF2uFPNWalvS','https://drive.google.com/uc?export=view&id=14_dGqJeg2UnuPOc9kwjcYtsSfI0l6Laa','https://drive.google.com/uc?export=view&id=1YlHShaDSkb_SENTlkaTzWniADqRly4On','2020-08-28 10:00:00','2020-09-04 23:59:59',2,11,500);
insert into discount(post_id,step,min_require,discount_rate)
values
(12,'FIRST',200,50),
(12,'SECOND',350,60),
(12,'THIRD',500,65);

insert into post(id,product_name,price,preview,thumbnail,detail_page,created_date,closing_date,category_id,user_id,goal)
        values
(13,'나노 리포좀 헤어 에센스',25000,'https://drive.google.com/uc?export=view&id=1ESCMqn3y-VKEAkFgx4Rwc6vEGXw9emc9','https://drive.google.com/uc?export=view&id=1b6VQTu-Vl_rAyaJpsUYgFHhMxTwxwEN0','https://drive.google.com/uc?export=view&id=1c7k9xYzi7Sw7HIN1-0aOSWYoGCm3EZ0G','2020-08-29 10:00:00','2020-09-05 23:59:59',3,12,200);
insert into discount(post_id,step,min_require,discount_rate)
values
(13,'FIRST',100,20),
(13,'SECOND',150,25),
(13,'THIRD',200,30);

insert into post(id,product_name,price,preview,thumbnail,detail_page,created_date,closing_date,category_id,user_id,goal)
        values
(14,'화이트닝 선에센스 기획세트',38000,'https://drive.google.com/uc?export=view&id=1PAAMD7s8nEqAvidZfnS270B8oj58boQt','https://drive.google.com/uc?export=view&id=1lP0nRM5sjwbGXtzVUJnv8XF12tUsBE_o','https://drive.google.com/uc?export=view&id=1Yd7vzcJRZOXdr4zDwJMLxiiLTalSDNoP','2020-08-27 10:00:00','2020-09-02 23:59:59',3,13,500);
insert into discount(post_id,step,min_require,discount_rate)
values
(14,'FIRST',200,15),
(14,'SECOND',400,20),
(14,'THIRD',500,40);

insert into post(id,product_name,price,preview,thumbnail,detail_page,created_date,closing_date,category_id,user_id,goal)
        values
(15,'바디퍼퓸건 기획세트',25000,'https://drive.google.com/uc?export=view&id=1yp2AYv-K5YtmnZB7PmxHHsXjNtttEOBi','https://drive.google.com/uc?export=view&id=1lpe0F8L5fhEDPToEcAwDW9dAITwv2QZg','https://drive.google.com/uc?export=view&id=1LX0LzDpYBVmuiKQ3nH7twsHOfAUdXWFC','2020-08-27 10:00:00','2020-09-02 23:59:59',3,13,300);
insert into discount(post_id,step,min_require,discount_rate)
values
(15,'FIRST',150,20),
(15,'SECOND',200,30),
(15,'THIRD',300,40);

insert into post(id,product_name,price,preview,thumbnail,detail_page,created_date,closing_date,category_id,user_id,goal)
        values
(16,'톤코렉팅 크림 30ml',39000,'https://drive.google.com/uc?export=view&id=1_F4rBYlWBdgd0MClf1HPsoyOUHEmkn7Y','https://drive.google.com/uc?export=view&id=1ceVes4DMThN76-_J9irJil4334IA_Zi3','https://drive.google.com/uc?export=view&id=1tn_yAILEqVl2bOwKPd5DZCtfMe9tDWDP','2020-08-26 10:00:00','2020-08-31 13:59:59',3,14,500);
insert into discount(post_id,step,min_require,discount_rate)
values
(16,'FIRST',350,30),
(16,'SECOND',400,40),
(16,'THIRD',500,45);

insert into post(id,product_name,price,preview,thumbnail,detail_page,created_date,closing_date,category_id,user_id,goal)
        values
(17,'[지성타입,모든타입,가벼운 보습오일] 100% 오가닉 콜드-프레스드 로즈 힙 씨드 오일',9900,'https://drive.google.com/uc?export=view&id=15rJqHyjtrkWIIQPuNxGG6pl6ma_irld8','https://drive.google.com/uc?export=view&id=1iSm8925Rj_UE3pYjDmbxZ2lMrsLpZfIh','https://drive.google.com/uc?export=view&id=15EhozgrAvOZF49znDcZJU36fJxnL3bGI','2020-08-26 10:00:00','2020-08-31 13:59:59',3,15,100);
insert into discount(post_id,step,min_require,discount_rate)
values
(17,'FIRST',10,10),
(17,'SECOND',50,15),
(17,'THIRD',100,20);

insert into post(id,product_name,price,preview,thumbnail,detail_page,created_date,closing_date,category_id,user_id,goal)
        values
(18,'패팅 스플래쉬 마스크 옐로우 세수팩',29000,'https://drive.google.com/uc?export=view&id=1wMNCwF35uBAUn-cCONqKcL3Hr-y3B630','https://drive.google.com/uc?export=view&id=1i2qNu1wZhaxF0zmge8gE914vmoxapvLo','https://drive.google.com/uc?export=view&id=1AX2LXC93GEweOPEqjyGHJ7bGycS1C4Ww','2020-08-27 10:00:00','2020-08-31 13:59:59',3,14,300);
insert into discount(post_id,step,min_require,discount_rate)
values
(18,'FIRST',150,20),
(18,'SECOND',200,30),
(18,'THIRD',300,40);

insert into post(id,product_name,price,preview,thumbnail,detail_page,created_date,closing_date,category_id,user_id,goal)
        values
(19,'앤트러사이트 드립백',9000,'https://drive.google.com/uc?export=view&id=10DOVf__ocC-2yks2OPxoqoCS3246jcqu','https://drive.google.com/uc?export=view&id=10DOVf__ocC-2yks2OPxoqoCS3246jcqu','https://drive.google.com/uc?export=view&id=1vO5df1F6j5KztaTOQtVpli7lxQUxHa7U','2020-08-27 10:00:00','2020-08-31 13:59:59',4,16,100);
insert into discount(post_id,step,min_require,discount_rate)
values
(19,'FIRST',20,15),
(19,'SECOND',50,20),
(19,'THIRD',100,25);

insert into post(id,product_name,price,preview,thumbnail,detail_page,created_date,closing_date,category_id,user_id,goal)
        values
(20,'모닝죽 단호박 130gx7팩',16800,'https://drive.google.com/uc?export=view&id=1UEgbPy9TjeOyCv8Gp6YpcagTlOdEZ-aZ','https://drive.google.com/uc?export=view&id=1UEgbPy9TjeOyCv8Gp6YpcagTlOdEZ-aZ','https://drive.google.com/uc?export=view&id=1TeZfgrM-CQPyN2i6WLCTdxMEj55i5iRA','2020-08-26 10:00:00','2020-08-31 13:59:59',4,17,150);
insert into discount(post_id,step,min_require,discount_rate)
values
(20,'FIRST',30,15),
(20,'SECOND',70,20),
(20,'THIRD',150,30);

insert into post(id,product_name,price,preview,thumbnail,detail_page,created_date,closing_date,category_id,user_id,goal)
        values
(21,'요리하는 즐거움, 에센셜 허브/천연조미료 선물세트',24000,'https://drive.google.com/uc?export=view&id=1x4-tVAJMQ_rNWg8eetk09Fwm7EuNzFa3','https://drive.google.com/uc?export=view&id=1Lh9BkKPprmULQRcR124zgKHxc8OvjCi9','https://drive.google.com/uc?export=view&id=1gp5JIaT_6NYVIvu7Gki_dgbHZCIt2bKp','2020-08-27 10:00:00','2020-08-31 13:59:59',4,17,250);
insert into discount(post_id,step,min_require,discount_rate)
values
(21,'FIRST',100,15),
(21,'SECOND',200,20),
(21,'THIRD',250,25);

insert into post(id,product_name,price,preview,thumbnail,detail_page,created_date,closing_date,category_id,user_id,goal)
        values
(22,'유기농 진저(생강) 꿀',59000,'https://drive.google.com/uc?export=view&id=1lD8tbZp2wpkb787i6xqXIINxU9ahPMG4','https://drive.google.com/uc?export=view&id=1lzsXNgRkcIpLsTeaHUwyzpifQaMjOJ7c','https://drive.google.com/uc?export=view&id=1Nx3UKIAYhXazLItT5Vxuq-USMoyA_Clr','2020-08-29 10:00:00','2020-09-05 23:59:59',4,18,400);
insert into discount(post_id,step,min_require,discount_rate)
values
(22,'FIRST',150,5),
(22,'SECOND',250,10),
(22,'THIRD',400,15);

insert into post(id,product_name,price,preview,thumbnail,detail_page,created_date,closing_date,category_id,user_id,goal)
        values
(23,'유기농 아이스크림 컵 15개(초코,딸기,바닐라,망고)',60000,'https://drive.google.com/uc?export=view&id=1oUBhEHAu4SgzpsYG11rmRMPwI54IUFkl','https://drive.google.com/uc?export=view&id=11aBLh4f1IOojX_ZF1e9ktYfBsBR5hnGz','https://drive.google.com/uc?export=view&id=1GNaF8kppcQ5qz5HLLeSXtWzPl7y2Mq0s','2020-08-28 10:00:00','2020-09-04 23:59:59',4,19,450);
insert into discount(post_id,step,min_require,discount_rate)
values
(23,'FIRST',200,50),
(23,'SECOND',350,55),
(23,'THIRD',450,65);

insert into post(id,product_name,price,preview,thumbnail,detail_page,created_date,closing_date,category_id,user_id,goal)
        values
(24,'아침에스프 3가지맛 60스틱(그린20+옐로우20+레드20)',58000,'https://drive.google.com/uc?export=view&id=1k7coBYBvwnU0-F8RhBq3KxJRa-ZyNvl_','https://drive.google.com/uc?export=view&id=1-W7UA3A5mKmmuT4iAQztzdHVjnE2a1kY','https://drive.google.com/uc?export=view&id=1XpkL0QIA6d5xHFUATcOrmaHJ3abtFqVq','2020-08-29 10:00:00','2020-09-05 23:59:59',4,20,300);
insert into discount(post_id,step,min_require,discount_rate)
values
(24,'FIRST',150,20),
(24,'SECOND',250,10),
(24,'THIRD',400,15);

insert into post(id,product_name,price,preview,thumbnail,detail_page,created_date,closing_date,category_id,user_id,goal)
        values
(25,'무선 물걸레청소기 D010 화이트',249000,'https://drive.google.com/uc?export=view&id=1DkD1FqWr_WD008caVXnYdqC0TIfkv_iK','https://drive.google.com/uc?export=view&id=1loqa8Wnt8QWMWV8Hc_6QDXtP2qlz2x_b','https://drive.google.com/uc?export=view&id=1loqa8Wnt8QWMWV8Hc_6QDXtP2qlz2x_b','2020-08-27 10:00:00','2020-09-02 23:59:59',5,21,800);
insert into discount(post_id,step,min_require,discount_rate)
values
(25,'FIRST',200,20),
(25,'SECOND',500,25),
(25,'THIRD',800,35);

insert into post(id,product_name,price,preview,thumbnail,detail_page,created_date,closing_date,category_id,user_id,goal)
        values
(26,'초음파가습기 C011 화이트',129000,'https://drive.google.com/uc?export=view&id=1QggvU6qAh74QrOQhdZU1qM8TV_x011Tj','https://drive.google.com/uc?export=view&id=1j5e9Y5zHBI7dr0SYkW52E2OnuI2AxiYw','https://drive.google.com/uc?export=view&id=1ePw1RiLiv8B9zLyo_EcGbB5AKqVGYwOL','2020-08-29 10:00:00','2020-09-05 23:59:59',5,21,400);
insert into discount(post_id,step,min_require,discount_rate)
values
(26,'FIRST',150,15),
(26,'SECOND',250,20),
(26,'THIRD',400,35);

insert into post(id,product_name,price,preview,thumbnail,detail_page,created_date,closing_date,category_id,user_id,goal)
        values
(27,'핸디형 스팀다리미 DB8231',59800,'https://drive.google.com/uc?export=view&id=1bhR5ikSGH7aiaeXQ9Yj5_VYqmibv6uGi','https://drive.google.com/uc?export=view&id=1xTJFsQyvNzkmeFf2glCKAVBeSPUWqeDi','https://drive.google.com/uc?export=view&id=1bAbLL9ziuneYUkfR6LRIO18Qj0Ssm2vw','2020-08-29 10:00:00','2020-09-05 23:59:59',5,22,300);
insert into discount(post_id,step,min_require,discount_rate)
values
(27,'FIRST',150,20),
(27,'SECOND',200,30),
(27,'THIRD',300,40);

insert into post(id,product_name,price,preview,thumbnail,detail_page,created_date,closing_date,category_id,user_id,goal)
        values
(28,'스카이 케어 윈드 200 휴대용 클립 선풍기 C타입 SKY-WD200',19900,'https://drive.google.com/uc?export=view&id=167ATtnMn4r9I5YQcy3hTyfQCPpgiggJK','https://drive.google.com/uc?export=view&id=1STSxaqvHvVij_FDJi4efslBOJiiIIeJD','https://drive.google.com/uc?export=view&id=1ERrqrOWNQzn3MJ-8xAdQozS08VSocNbC','2020-08-29 10:00:00','2020-09-05 23:59:59',5,23,250);
insert into discount(post_id,step,min_require,discount_rate)
values
(28,'FIRST',100,15),
(28,'SECOND',200,20),
(28,'THIRD',250,25);

insert into post(id,product_name,price,preview,thumbnail,detail_page,created_date,closing_date,category_id,user_id,goal)
        values
(29,'와플 메이커 기계',39800,'https://drive.google.com/uc?export=view&id=1-UMxDdDydWpBN7SY2L7IAN2zS27ZzFdU','https://drive.google.com/uc?export=view&id=1AOD_TAbryo1h5JBnEY2DKam1Xc4xhX_I','https://drive.google.com/uc?export=view&id=1UcLWmzORjRrH6vGcYuofMBHIf45QX_sK','2020-08-28 10:00:00','2020-09-04 23:59:59',5,22,400);
insert into discount(post_id,step,min_require,discount_rate)
values
(29,'FIRST',150,5),
(29,'SECOND',250,10),
(29,'THIRD',400,15);

insert into post(id,product_name,price,preview,thumbnail,detail_page,created_date,closing_date,category_id,user_id,goal)
        values
(30,'니드 마사지건 NIID1 근육 근막 이완 진동안마기 마사지기',159000,'https://drive.google.com/uc?export=view&id=1LZ6tgAPQ67Mt9Btbt5vEdTactkCuEutv','https://drive.google.com/uc?export=view&id=1PXwGPZJgC7SW23cfBJMIzr6f8RxBm_6N','https://drive.google.com/uc?export=view&id=1FPTw9RbzSnenzst_1plBn_tzTagUHkoF','2020-08-29 10:00:00','2020-09-05 23:59:59',5,24,1000);
insert into discount(post_id,step,min_require,discount_rate)
values
(30,'FIRST',200,20),
(30,'SECOND',500,25),
(30,'THIRD',1000,35);

insert into post(id,product_name,price,preview,thumbnail,detail_page,created_date,closing_date,category_id,user_id,goal)
        values
(31,'실내자전거/헬스자전거 YA-106N',166800,'https://drive.google.com/uc?export=view&id=1YK4LCGhT0zZajidHs-74CYZiFTAADkuR','https://drive.google.com/uc?export=view&id=1d0O2vrIIVOXXENbs7lPQSLTySmgzbKEa','https://drive.google.com/uc?export=view&id=14FIQa0BVldlkfrCCYxLHV1yymLeWzcNS','2020-08-27 10:00:00','2020-09-02 23:59:59',6,25,700);
insert into discount(post_id,step,min_require,discount_rate)
values
(31,'FIRST',200,20),
(31,'SECOND',500,25),
(31,'THIRD',700,30);

insert into post(id,product_name,price,preview,thumbnail,detail_page,created_date,closing_date,category_id,user_id,goal)
        values
(32,'폼롤러 MDF019 45/60/90cm 원형 필라테스 마사지 요가용품 지압',18500,'https://drive.google.com/uc?export=view&id=13nA8GYbSe3k0vTBbdRi3aXoviQm3WTEl','https://drive.google.com/uc?export=view&id=1yr1Q7syuXT95FNYzDV01PXcRjGdkIjjp','https://drive.google.com/uc?export=view&id=1NyNzyy1iLJPiY65nEhNz_bdkm49C1alY','2020-08-27 10:00:00','2020-09-02 23:59:59',6,26,100);
insert into discount(post_id,step,min_require,discount_rate)
values
(32,'FIRST',20,15),
(32,'SECOND',50,20),
(32,'THIRD',100,25);

insert into post(id,product_name,price,preview,thumbnail,detail_page,created_date,closing_date,category_id,user_id,goal)
        values
(33,'S바디 요가링',19700,'https://drive.google.com/uc?export=view&id=1ppcOTk3BW4m837Ql_ricakI-AnAv0GN9','https://drive.google.com/uc?export=view&id=16IETjnl8fwhHu7PL66lzS6Vb6AKRe09B','https://drive.google.com/uc?export=view&id=1HwajjfPtJs7YdcP8-UCMllDP48P58I5e','2020-08-26 10:00:00','2020-08-31 13:59:59',6,27,250);
insert into discount(post_id,step,min_require,discount_rate)
values
(33,'FIRST',100,15),
(33,'SECOND',200,20),
(33,'THIRD',250,25);

insert into post(id,product_name,price,preview,thumbnail,detail_page,created_date,closing_date,category_id,user_id,goal)
        values
(34,'트라택 요가매트',26000,'https://drive.google.com/uc?export=view&id=1yX8-NzA8ipQh58kaRHtVtfqXT4cH7F2r','https://drive.google.com/uc?export=view&id=18A0rH5emJjpGK9glw9AFxtkkYN4jgg5Y','https://drive.google.com/uc?export=view&id=1jgEa-bYV-HApNoNz30_UjfNHVldlsRho','2020-08-29 10:00:00','2020-09-05 23:59:59',6,27,300);
insert into discount(post_id,step,min_require,discount_rate)
values
(34,'FIRST',150,20),
(34,'SECOND',200,30),
(34,'THIRD',300,35);

insert into post(id,product_name,price,preview,thumbnail,detail_page,created_date,closing_date,category_id,user_id,goal)
        values
(35,'몸에 붙이는 EMS 트레이닝 기어',298000,'https://drive.google.com/uc?export=view&id=1M8U02MVox4xrBpW_tLtMis1t4zgfQH2i','https://drive.google.com/uc?export=view&id=1YCxjuQu3bTj9xzh6wa2lY1VhZS0W_Wot','https://drive.google.com/uc?export=view&id=1KKCCgXwIKQbuocvZSGDj2n30y1bz7Fq2','2020-08-29 10:00:00','2020-09-05 23:59:59',6,28,700);
insert into discount(post_id,step,min_require,discount_rate)
values
(35,'FIRST',200,30),
(35,'SECOND',500,35),
(35,'THIRD',700,45);

insert into post(id,product_name,price,preview,thumbnail,detail_page,created_date,closing_date,category_id,user_id,goal)
        values
(36,'건형 우드 패럴렛바',159000,'https://drive.google.com/uc?export=view&id=1a15TRuEbfGXzEV_hdO_KQZl9Mj_N9EY_','https://drive.google.com/uc?export=view&id=1PU03mTrj9SWkV49sLz2XbBHRi8rimfBi','https://drive.google.com/uc?export=view&id=1eXlL100vTVxEgTO_C5eiCknjClQN_3zV','2020-08-28 10:00:00','2020-09-04 23:59:59',6,29,350);
insert into discount(post_id,step,min_require,discount_rate)
values
(36,'FIRST',150,35),
(36,'SECOND',250,40),
(36,'THIRD',350,45);

insert into post(id,product_name,price,preview,thumbnail,detail_page,created_date,closing_date,category_id,user_id,goal)
        values
(37,'리베르 섬유향수 80ml',12000,'https://drive.google.com/uc?export=view&id=1qJ9lNkxXEv0-qpye9WU59XiecRLhkW6u','https://drive.google.com/uc?export=view&id=1MraQJnJcaFpNgr_dYVV-CG_96TRDcxyf','https://drive.google.com/uc?export=view&id=1ko0YFrtgkRXBQ-HEEmLrwCD0SidL25AU','2020-08-29 10:00:00','2020-09-05 23:59:59',7,36,300);
insert into discount(post_id,step,min_require,discount_rate)
values
(37,'FIRST',100,5),
(37,'SECOND',200,10),
(37,'THIRD',300,15);

insert into post(id,product_name,price,preview,thumbnail,detail_page,created_date,closing_date,category_id,user_id,goal)
        values
(38,'생활도감 10중 스크래퍼 혀클리너',13500,'https://drive.google.com/uc?export=view&id=19kKFg2bE2UnVwbOB_AgWxjnLyf3e_o_6','https://drive.google.com/uc?export=view&id=1SspOVuw-XY7mfo57cjQfSJnWwMOn-ljQ','https://drive.google.com/uc?export=view&id=1M6UfXiSKV5BPECvXUDgr3Eao8-g5QQ9E','2020-08-27 10:00:00','2020-09-02 23:59:59',7,4,300);
insert into discount(post_id,step,min_require,discount_rate)
values
(38,'FIRST',100,10),
(38,'SECOND',200,15),
(38,'THIRD',300,20);

insert into post(id,product_name,price,preview,thumbnail,detail_page,created_date,closing_date,category_id,user_id,goal)
        values
(39,'스탠리 GO CERAMIVAC',52000,'https://drive.google.com/uc?export=view&id=1THS4hoRrA28fCouK2fAejKCkjm0li39J','https://drive.google.com/uc?export=view&id=1MraQJnJcaFpNgr_dYVV-CG_96TRDcxyf','https://drive.google.com/uc?export=view&id=1-B_0Av05XmySQtCPwmzaF9ZHyIptFl2r','2020-08-27 10:00:00','2020-09-02 23:59:59',7,37,500);
insert into discount(post_id,step,min_require,discount_rate)
values
(39,'FIRST',200,45),
(39,'SECOND',350,50),
(39,'THIRD',500,60);

insert into post(id,product_name,price,preview,thumbnail,detail_page,created_date,closing_date,category_id,user_id,goal)
        values
(40,'WATER MELON - gray 인센스 홀더 향꽂이',28000,'https://drive.google.com/uc?export=view&id=1AKVhsPoPlt1osU6ZG8V18YA2g2xW0SfO','https://drive.google.com/uc?export=view&id=1hqkwNuitVNWfR8T4CFNSTlyWGPQekvMx','https://drive.google.com/uc?export=view&id=1wwAq6A90eksAWB0llrqqRbS_JA9LGp-G','2020-08-28 10:00:00','2020-09-04 23:59:59',7,38,300);
insert into discount(post_id,step,min_require,discount_rate)
values
(40,'FIRST',150,5),
(40,'SECOND',200,10),
(40,'THIRD',300,15);

insert into post(id,product_name,price,preview,thumbnail,detail_page,created_date,closing_date,category_id,user_id,goal)
        values
(41,'칼리타 102LD 드립세트N',50000,'https://drive.google.com/uc?export=view&id=1-WwW7-TAMhHBrSlLx0AU4g4rCC0RdNeh','https://drive.google.com/uc?export=view&id=1KN1QOdnivfTrhFk48B1wd8xJcHXxjSft','https://drive.google.com/uc?export=view&id=1sdEmHzbTqVTGpDE0AXPvb_9Zg9YytjQs','2020-08-28 10:00:00','2020-09-04 23:59:59',7,39,200);
insert into discount(post_id,step,min_require,discount_rate)
values
(41,'FIRST',100,30),
(41,'SECOND',150,40),
(41,'THIRD',200,45);

insert into post(id,product_name,price,preview,thumbnail,detail_page,created_date,closing_date,category_id,user_id,goal)
        values
(42,'아이카사 폴딩박스 S 4세트',14000,'https://drive.google.com/uc?export=view&id=1IFcS0GbYW7x24QoCmVOukbbQtKXA5uZ-','https://drive.google.com/uc?export=view&id=1hE67Qd4zrdNShtj27DKNMi1KtLCdJ6te','https://drive.google.com/uc?export=view&id=139EJd0JMfbUsBHSt-aegMZvRrRfjmUfn','2020-08-26 10:00:00','2020-08-31 13:59:59',7,40,500);
insert into discount(post_id,step,min_require,discount_rate)
values
(42,'FIRST',150,10),
(42,'SECOND',350,15),
(42,'THIRD',500,20);


-- 댓글
INSERT INTO comment (`id`,`post_id`,`user_id`,`comment`,`parent_comment_id`,`created_date`) VALUES (1,1,100,'룸메이트가 전에 쓰던 세탁조였다고 들었는데 굉장히 좋대요 냄새도 안 나고 때도 깔끔하게 빠진다던데 기대됩니다',null,'2020-08-28 11:02:00');
INSERT INTO comment (`id`,`post_id`,`user_id`,`comment`,`parent_comment_id`,`created_date`) VALUES (2,1,101,'아 원래 유명한거에요?',1,'2020-08-28 11:05:00');
INSERT INTO comment (`id`,`post_id`,`user_id`,`comment`,`parent_comment_id`,`created_date`) VALUES (3,1,102,'솔직히 세탁기 너무 더러움',1,'2020-08-29 10:05:00');
INSERT INTO comment (`id`,`post_id`,`user_id`,`comment`,`parent_comment_id`,`created_date`) VALUES (4,1,103,'평소에 세탁 얼마나 자주하세요?',1,'2020-08-29 13:30:00');
INSERT INTO comment (`id`,`post_id`,`user_id`,`comment`,`parent_comment_id`,`created_date`) VALUES (5,1,104,'전 일주일에 3번 정도요',1,'2020-08-29 14:05:00');
INSERT INTO comment (`id`,`post_id`,`user_id`,`comment`,`parent_comment_id`,`created_date`) VALUES (6,1,105,'자취하고 이사온지 얼마 안 됐는데 세탁조 냄새 진짜 심했는데 잘됐다',null,'2020-08-28 11:05:00');
INSERT INTO comment (`id`,`post_id`,`user_id`,`comment`,`parent_comment_id`,`created_date`) VALUES (7,1,106,'자취생 필수품',6,'2020-08-28 17:52:00');
INSERT INTO comment (`id`,`post_id`,`user_id`,`comment`,`parent_comment_id`,`created_date`) VALUES (8,1,107,'근데 엄마가 빨래해줄 때가 그립다',6,'2020-08-28 18:57:00');
INSERT INTO comment (`id`,`post_id`,`user_id`,`comment`,`parent_comment_id`,`created_date`) VALUES (9,1,108,'맞아 솔직히 이제야 진짜 고마움을 느껴ㅠㅠ엄마',6,'2020-08-29 14:05:00');
INSERT INTO comment (`id`,`post_id`,`user_id`,`comment`,`parent_comment_id`,`created_date`) VALUES (10,1,109,'아 이거 언제 올려나 빨리 필요한데',null,'2020-08-28 12:57:00');
INSERT INTO comment (`id`,`post_id`,`user_id`,`comment`,`parent_comment_id`,`created_date`) VALUES (11,1,110,'그니까ㅋㅋ아직 한참 남았네',10,'2020-08-29 10:05:00');
INSERT INTO comment (`id`,`post_id`,`user_id`,`comment`,`parent_comment_id`,`created_date`) VALUES (12,1,111,'이거 어플 괜찮은듯',null,'2020-08-28 17:52:00');
INSERT INTO comment (`id`,`post_id`,`user_id`,`comment`,`parent_comment_id`,`created_date`) VALUES (13,1,112,'빨래하기 진짜 귀찮다',null,'2020-08-29 14:05:00');
INSERT INTO comment (`id`,`post_id`,`user_id`,`comment`,`parent_comment_id`,`created_date`) VALUES (14,1,113,'이거 할인율 대박인데??',null,'2020-08-28 11:05:00');
INSERT INTO comment (`id`,`post_id`,`user_id`,`comment`,`parent_comment_id`,`created_date`) VALUES (15,1,114,'세탁조 전에 쓰던건 별로였는데 이건 좀 기대',null,'2020-08-28 12:57:00');
INSERT INTO comment (`id`,`post_id`,`user_id`,`comment`,`parent_comment_id`,`created_date`) VALUES (16,1,115,'그래도 싼편이니까',15,'2020-08-29 10:05:00');
INSERT INTO comment (`id`,`post_id`,`user_id`,`comment`,`parent_comment_id`,`created_date`) VALUES (17,2,116,'요즘 장마라서 진짜 눅눅해서 꼭 필요',null,'2020-08-28 11:12:00');
INSERT INTO comment (`id`,`post_id`,`user_id`,`comment`,`parent_comment_id`,`created_date`) VALUES (18,2,117,'마감일 기다리기 힘들다',null,'2020-08-28 17:52:00');
INSERT INTO comment (`id`,`post_id`,`user_id`,`comment`,`parent_comment_id`,`created_date`) VALUES (19,2,118,'그니깐 요즘 너무 습해',18,'2020-08-29 14:05:00');
INSERT INTO comment (`id`,`post_id`,`user_id`,`comment`,`parent_comment_id`,`created_date`) VALUES (20,3,119,'이런거 요즘 유행하더라? 효과 괜찮나',null,'2020-08-28 10:00:00');
INSERT INTO comment (`id`,`post_id`,`user_id`,`comment`,`parent_comment_id`,`created_date`) VALUES (21,3,120,'괜찮다던데??',20,'2020-08-28 11:12:00');
INSERT INTO comment (`id`,`post_id`,`user_id`,`comment`,`parent_comment_id`,`created_date`) VALUES (22,3,121,'그냥 마케팅 아냐?',20,'2020-08-28 17:52:00');
INSERT INTO comment (`id`,`post_id`,`user_id`,`comment`,`parent_comment_id`,`created_date`) VALUES (23,3,122,'요즘 시드물 쓰는데 효과 괜춘하더라 샤워할 때도 비타민 충만하게',null,'2020-08-28 16:32:00');
INSERT INTO comment (`id`,`post_id`,`user_id`,`comment`,`parent_comment_id`,`created_date`) VALUES (24,3,123,'비타민 너무 과용하면 안좋다던데',23,'2020-08-29 14:05:00');
INSERT INTO comment (`id`,`post_id`,`user_id`,`comment`,`parent_comment_id`,`created_date`) VALUES (25,3,124,'아니 솔직히 제일 중요한건 녹물 제거 기능 아닌가요? 녹물이 얼굴에 들어간다고 생각해봐요',null,'2020-08-28 17:52:00');
INSERT INTO comment (`id`,`post_id`,`user_id`,`comment`,`parent_comment_id`,`created_date`) VALUES (26,4,125,'이거 치약 좋아요',null,'2020-08-28 11:12:00');
INSERT INTO comment (`id`,`post_id`,`user_id`,`comment`,`parent_comment_id`,`created_date`) VALUES (27,4,126,'대박! 기다리던 상품이에요! 쟁여둬야지',null,'2020-08-28 14:48:00');
INSERT INTO comment (`id`,`post_id`,`user_id`,`comment`,`parent_comment_id`,`created_date`) VALUES (28,4,127,'이거 제가 써봤는데 넘 조았음',null,'2020-08-28 14:52:00');
INSERT INTO comment (`id`,`post_id`,`user_id`,`comment`,`parent_comment_id`,`created_date`) VALUES (29,4,128,'민초파는 이 치약을 써라',null,'2020-08-28 15:05:00');
INSERT INTO comment (`id`,`post_id`,`user_id`,`comment`,`parent_comment_id`,`created_date`) VALUES (30,4,129,'민초파 만세',29,'2020-08-28 17:58:00');
INSERT INTO comment (`id`,`post_id`,`user_id`,`comment`,`parent_comment_id`,`created_date`) VALUES (31,4,130,'민초파 손',29,'2020-08-28 20:12:00');
INSERT INTO comment (`id`,`post_id`,`user_id`,`comment`,`parent_comment_id`,`created_date`) VALUES (32,4,131,'웩 민트초코 개시러',29,'2020-08-28 22:24:00');
INSERT INTO comment (`id`,`post_id`,`user_id`,`comment`,`parent_comment_id`,`created_date`) VALUES (33,4,132,'이거 더 차서 30프로 할인 받았으면 ㅜㅠ 다들 많이많이 공유해주세요',null,'2020-08-28 17:52:00');
INSERT INTO comment (`id`,`post_id`,`user_id`,`comment`,`parent_comment_id`,`created_date`) VALUES (34,4,133,'이거 써보신분? 집에 치약 다써서 사야되는데',null,'2020-08-29 14:05:00');
INSERT INTO comment (`id`,`post_id`,`user_id`,`comment`,`parent_comment_id`,`created_date`) VALUES (35,4,134,'저 이거 써봤는데 진짜 좋았어요 꿀단지에 올라올줄이야 이거 맛중에는 파인민트가 제일 좋아요',34,'2020-08-29 15:52:00');
INSERT INTO comment (`id`,`post_id`,`user_id`,`comment`,`parent_comment_id`,`created_date`) VALUES (36,4,135,'화하고 시원한 느낌이에요 추천함',null,'2020-08-28 23:12:00');
INSERT INTO comment (`id`,`post_id`,`user_id`,`comment`,`parent_comment_id`,`created_date`) VALUES (37,4,136,'타 사이트에서 구매해서 써봤는데 500명 차면 여기가 더 싸서 존버하는중',null,'2020-08-29 16:12:00');
INSERT INTO comment (`id`,`post_id`,`user_id`,`comment`,`parent_comment_id`,`created_date`) VALUES (38,5,137,'이거 효과 궁금하네요',null,'2020-08-28 10:52:00');
INSERT INTO comment (`id`,`post_id`,`user_id`,`comment`,`parent_comment_id`,`created_date`) VALUES (39,5,138,'저 이거 써봤는데 진짜 신기함 곰팡이가 싹 사라졌어요',38,'2020-08-28 12:32:00');
INSERT INTO comment (`id`,`post_id`,`user_id`,`comment`,`parent_comment_id`,`created_date`) VALUES (40,5,139,'윗댓 공감 222 저도 이거 써봤는데 좋았어요 ',38,'2020-08-29 14:05:00');
INSERT INTO comment (`id`,`post_id`,`user_id`,`comment`,`parent_comment_id`,`created_date`) VALUES (41,5,140,'이거 써보고싶어요',null,'2020-08-28 14:52:00');
INSERT INTO comment (`id`,`post_id`,`user_id`,`comment`,`parent_comment_id`,`created_date`) VALUES (42,5,141,'안그래도 재구매 할려고 했는데 꿀단지덕분에 싸게 삽니다~ 얼른 마감되고 배송됐으면',null,'2020-08-28 15:16:00');
INSERT INTO comment (`id`,`post_id`,`user_id`,`comment`,`parent_comment_id`,`created_date`) VALUES (43,5,142,'여기 대체적으로 물건들이 괜찮은듯',null,'2020-08-28 17:24:00');
INSERT INTO comment (`id`,`post_id`,`user_id`,`comment`,`parent_comment_id`,`created_date`) VALUES (44,5,143,'윗분들이 좋다고 하니깐 더 궁금,,',null,'2020-08-28 17:56:00');
INSERT INTO comment (`id`,`post_id`,`user_id`,`comment`,`parent_comment_id`,`created_date`) VALUES (45,5,144,'공유합니당',null,'2020-08-28 20:05:00');
INSERT INTO comment (`id`,`post_id`,`user_id`,`comment`,`parent_comment_id`,`created_date`) VALUES (46,5,145,'진짜 사진처럼 되나...?',null,'2020-08-29 12:35:00');
INSERT INTO comment (`id`,`post_id`,`user_id`,`comment`,`parent_comment_id`,`created_date`) VALUES (47,5,146,'여러개 사야징',null,'2020-08-29 13:28:00');
INSERT INTO comment (`id`,`post_id`,`user_id`,`comment`,`parent_comment_id`,`created_date`) VALUES (48,6,147,'홀 이거 다른덴 할인 안하던데',null,'2020-08-28 10:52:00');
INSERT INTO comment (`id`,`post_id`,`user_id`,`comment`,`parent_comment_id`,`created_date`) VALUES (49,6,148,'이거 왤케 다른거에 비해 할인율이 별로에요..? ',null,'2020-08-28 12:36:00');
INSERT INTO comment (`id`,`post_id`,`user_id`,`comment`,`parent_comment_id`,`created_date`) VALUES (50,6,149,'님아 이거 다른데는 할인 안하는거임',49,'2020-08-28 14:05:00');
INSERT INTO comment (`id`,`post_id`,`user_id`,`comment`,`parent_comment_id`,`created_date`) VALUES (51,6,150,'다른데서는 정가로만 팔아요',49,'2020-08-28 17:52:00');
INSERT INTO comment (`id`,`post_id`,`user_id`,`comment`,`parent_comment_id`,`created_date`) VALUES (52,6,151,'헐.. 넘 부드러울거같아요',null,'2020-08-28 15:12:00');
INSERT INTO comment (`id`,`post_id`,`user_id`,`comment`,`parent_comment_id`,`created_date`) VALUES (53,6,122,'집에있는거랑 얼마나 다를려나..? 좋아보이긴 한다',null,'2020-08-28 16:26:00');
INSERT INTO comment (`id`,`post_id`,`user_id`,`comment`,`parent_comment_id`,`created_date`) VALUES (54,6,100,'와우.. 이걸 할인해주다니 역시 꿀단지',null,'2020-08-28 17:52:00');
INSERT INTO comment (`id`,`post_id`,`user_id`,`comment`,`parent_comment_id`,`created_date`) VALUES (55,6,101,'집에 쌓아두고 쓰면 좋겠당',null,'2020-08-29 09:05:00');
INSERT INTO comment (`id`,`post_id`,`user_id`,`comment`,`parent_comment_id`,`created_date`) VALUES (56,6,102,'할인해도 비싸긴 한데 좋아보이네요',null,'2020-08-29 15:52:00');
INSERT INTO comment (`id`,`post_id`,`user_id`,`comment`,`parent_comment_id`,`created_date`) VALUES (57,7,103,'아싸 내가 조아하는 나이키',null,'2020-08-28 11:12:00');
INSERT INTO comment (`id`,`post_id`,`user_id`,`comment`,`parent_comment_id`,`created_date`) VALUES (58,7,104,'나이키는 주로 티셔츠 질이 어떤가요??',null,'2020-08-28 12:37:00');
INSERT INTO comment (`id`,`post_id`,`user_id`,`comment`,`parent_comment_id`,`created_date`) VALUES (59,7,105,'전 만족하고 쓰는 편이에요! 스포츠웨어라 다른 티셔츠보다 오래가요',58,'2020-08-28 13:22:00');
INSERT INTO comment (`id`,`post_id`,`user_id`,`comment`,`parent_comment_id`,`created_date`) VALUES (60,7,106,'헉 이거 싸다 친구들한테 공유해야지',null,'2020-08-28 13:54:00');
INSERT INTO comment (`id`,`post_id`,`user_id`,`comment`,`parent_comment_id`,`created_date`) VALUES (61,7,107,'울 아들램 사줄려고 주문했어요 더 싸게 살려고 공유도 했네요 ㅎㅎ 다들 공유 많이해주세요',null,'2020-08-28 17:52:00');
INSERT INTO comment (`id`,`post_id`,`user_id`,`comment`,`parent_comment_id`,`created_date`) VALUES (62,7,108,'홀 이거 이쁘당',null,'2020-08-28 17:58:00');
INSERT INTO comment (`id`,`post_id`,`user_id`,`comment`,`parent_comment_id`,`created_date`) VALUES (63,7,109,'운동할때 입으려고 샀어요! 얼른 왔으면~',null,'2020-08-29 14:05:00');
INSERT INTO comment (`id`,`post_id`,`user_id`,`comment`,`parent_comment_id`,`created_date`) VALUES (64,8,110,'타미는 대체적으로 디자인이 깔끔하고 이쁜듯',null,'2020-08-28 10:32:00');
INSERT INTO comment (`id`,`post_id`,`user_id`,`comment`,`parent_comment_id`,`created_date`) VALUES (65,8,111,'와 타미티가 2만원대',null,'2020-08-28 11:12:00');
INSERT INTO comment (`id`,`post_id`,`user_id`,`comment`,`parent_comment_id`,`created_date`) VALUES (66,8,112,'저 이거 다른 사이트에서 샀었는데 약간 커요 참고하세여',null,'2020-08-28 15:26:00');
INSERT INTO comment (`id`,`post_id`,`user_id`,`comment`,`parent_comment_id`,`created_date`) VALUES (67,8,113,'여러장 사서 돌려입을라고 샀음',null,'2020-08-28 17:52:00');
INSERT INTO comment (`id`,`post_id`,`user_id`,`comment`,`parent_comment_id`,`created_date`) VALUES (68,8,114,'흰색인데 로고 작게 있어서 ㄱㅊ네여',null,'2020-08-29 14:05:00');
INSERT INTO comment (`id`,`post_id`,`user_id`,`comment`,`parent_comment_id`,`created_date`) VALUES (69,8,115,'여기에 청바지 입으면 이쁘겠다',null,'2020-08-29 17:52:00');
INSERT INTO comment (`id`,`post_id`,`user_id`,`comment`,`parent_comment_id`,`created_date`) VALUES (70,8,116,'오 참여율 좋네요 저도 참여함~',null,'2020-08-29 08:12:00');
INSERT INTO comment (`id`,`post_id`,`user_id`,`comment`,`parent_comment_id`,`created_date`) VALUES (71,8,117,'오 참여버스 탑승합니다',null,'2020-08-29 10:52:00');
INSERT INTO comment (`id`,`post_id`,`user_id`,`comment`,`parent_comment_id`,`created_date`) VALUES (72,8,118,'2222 저두여 ㅋㅋㅋㅋㅋ',71,'2020-08-29 12:52:00');
INSERT INTO comment (`id`,`post_id`,`user_id`,`comment`,`parent_comment_id`,`created_date`) VALUES (73,9,119,'흠 양말 이쁜데 좀 비싸네요',null,'2020-08-28 14:05:00');
INSERT INTO comment (`id`,`post_id`,`user_id`,`comment`,`parent_comment_id`,`created_date`) VALUES (74,9,120,'좀 비싸긴 한데 그값 하겠죠..? 패션템으로 좋을거같은뎅',null,'2020-08-28 17:52:00');
INSERT INTO comment (`id`,`post_id`,`user_id`,`comment`,`parent_comment_id`,`created_date`) VALUES (75,9,121,'와 사고싶당',null,'2020-08-28 20:12:00');
INSERT INTO comment (`id`,`post_id`,`user_id`,`comment`,`parent_comment_id`,`created_date`) VALUES (76,9,122,'다들 많이 공유해주세요!!!!',null,'2020-08-28 21:52:00');
INSERT INTO comment (`id`,`post_id`,`user_id`,`comment`,`parent_comment_id`,`created_date`) VALUES (77,9,123,'이거 싸게 사고싶은데 참여율 낮아서 걱정 ㅜㅜ',null,'2020-08-29 10:32:00');
INSERT INTO comment (`id`,`post_id`,`user_id`,`comment`,`parent_comment_id`,`created_date`) VALUES (78,9,124,'2222 공감',null,'2020-08-29 14:05:00');
INSERT INTO comment (`id`,`post_id`,`user_id`,`comment`,`parent_comment_id`,`created_date`) VALUES (79,9,125,'33333333',null,'2020-08-29 17:52:00');
INSERT INTO comment (`id`,`post_id`,`user_id`,`comment`,`parent_comment_id`,`created_date`) VALUES (80,9,126,'44444444444444 ㅠㅠㅠㅠㅜㅜㅜㅜㅜㅜㅜㅜ',null,'2020-08-29 22:12:00');
INSERT INTO comment (`id`,`post_id`,`user_id`,`comment`,`parent_comment_id`,`created_date`) VALUES (81,10,127,'역시 백팩은 잔스포츠',null,'2020-08-28 11:52:00');
INSERT INTO comment (`id`,`post_id`,`user_id`,`comment`,`parent_comment_id`,`created_date`) VALUES (82,10,128,'이거 오나전 스테디템 ',null,'2020-08-28 12:35:00');
INSERT INTO comment (`id`,`post_id`,`user_id`,`comment`,`parent_comment_id`,`created_date`) VALUES (83,10,129,'혹시 이거 어떤 옷이랑 코디하면 좋을까요? 뭐든 잘 어울리려낭',null,'2020-08-28 13:12:00');
INSERT INTO comment (`id`,`post_id`,`user_id`,`comment`,`parent_comment_id`,`created_date`) VALUES (84,10,130,'저 이거 그냥 여러 옷이랑 입는데 괜찮아요!! 완전 무난템이에요 정장만 피하세요 ㅋㅋㅋㅋㅋ',83,'2020-08-28 17:52:00');
INSERT INTO comment (`id`,`post_id`,`user_id`,`comment`,`parent_comment_id`,`created_date`) VALUES (85,10,131,'웬만한 옷에 다 잘어울려요 고민말고 ㄱㄱ',83,'2020-08-28 18:31:00');
INSERT INTO comment (`id`,`post_id`,`user_id`,`comment`,`parent_comment_id`,`created_date`) VALUES (86,10,132,'예전에 써봤는데 진짜 무난무난하고 수납공간 커서 좋았어여',null,'2020-08-28 17:05:00');
INSERT INTO comment (`id`,`post_id`,`user_id`,`comment`,`parent_comment_id`,`created_date`) VALUES (87,10,133,'헐 이거 살까말까 고민되네요',null,'2020-08-28 17:52:00');
INSERT INTO comment (`id`,`post_id`,`user_id`,`comment`,`parent_comment_id`,`created_date`) VALUES (88,10,134,'ㄱㄱㄱ!!! 같이 싸게 사여!!!!!',87,'2020-08-28 20:12:00');
INSERT INTO comment (`id`,`post_id`,`user_id`,`comment`,`parent_comment_id`,`created_date`) VALUES (89,10,135,'와 이거 대학생때 썼던건데 ㅋㅋㅋㅋ 반갑네요',null,'2020-08-28 22:52:00');
INSERT INTO comment (`id`,`post_id`,`user_id`,`comment`,`parent_comment_id`,`created_date`) VALUES (90,11,136,'버켄 여름에 신기 좋아요 저 작년에 샀는데 또살거임 ㅋㅋㅋㅋㅋ',null,'2020-08-28 10:38:00');
INSERT INTO comment (`id`,`post_id`,`user_id`,`comment`,`parent_comment_id`,`created_date`) VALUES (91,11,137,'버켄 비올때 신으면 안된다던데 이것도 그런가요??',null,'2020-08-28 14:05:00');
INSERT INTO comment (`id`,`post_id`,`user_id`,`comment`,`parent_comment_id`,`created_date`) VALUES (92,11,138,'이거는 코팅?된거라서 괜찮아요 비올때 신으면 안되는건 그 밑에 코르크같은 재질로 되있는거에요',91,'2020-08-28 15:52:00');
INSERT INTO comment (`id`,`post_id`,`user_id`,`comment`,`parent_comment_id`,`created_date`) VALUES (93,11,139,'요건 괜찮습니다',91,'2020-08-28 18:12:00');
INSERT INTO comment (`id`,`post_id`,`user_id`,`comment`,`parent_comment_id`,`created_date`) VALUES (94,11,140,'헐 이거 괜찮은데 왤케 참여율 저조하지... ',null,'2020-08-28 17:52:00');
INSERT INTO comment (`id`,`post_id`,`user_id`,`comment`,`parent_comment_id`,`created_date`) VALUES (95,11,141,'222 진짜요 왜지..?',94,'2020-08-28 18:12:00');
INSERT INTO comment (`id`,`post_id`,`user_id`,`comment`,`parent_comment_id`,`created_date`) VALUES (96,11,142,'33333 왜죠 ㅜㅜㅜ 버켄 좋은데',94,'2020-08-28 21:52:00');
INSERT INTO comment (`id`,`post_id`,`user_id`,`comment`,`parent_comment_id`,`created_date`) VALUES (97,11,143,'444 참여율 뭐죠 저 이거 사고싶은데 가격도 괜찮은데 왜 ㅠㅠ 다같이 공유 많이 해봐여....',94,'2020-08-28 22:56:00');
INSERT INTO comment (`id`,`post_id`,`user_id`,`comment`,`parent_comment_id`,`created_date`) VALUES (98,12,144,'여름이라 햇빛 가릴때 좋을거같아요',null,'2020-08-28 11:05:00');
INSERT INTO comment (`id`,`post_id`,`user_id`,`comment`,`parent_comment_id`,`created_date`) VALUES (99,12,145,'안그래도 떡진머리 가릴려면 필요했는데.. 좀 고민해봐야겠네요',null,'2020-08-28 12:32:00');
INSERT INTO comment (`id`,`post_id`,`user_id`,`comment`,`parent_comment_id`,`created_date`) VALUES (100,12,146,'이거 모자핏 나름 괜찮아요',null,'2020-08-28 14:12:00');
INSERT INTO comment (`id`,`post_id`,`user_id`,`comment`,`parent_comment_id`,`created_date`) VALUES (101,12,147,'오 이거 인기 많네여 좋은가',null,'2020-08-28 17:52:00');
INSERT INTO comment (`id`,`post_id`,`user_id`,`comment`,`parent_comment_id`,`created_date`) VALUES (102,12,148,'이거 질 좋아요 저도 예전에 5년 전에 샀는데 거의 한 몇년 씀',101,'2020-08-28 21:27:00');
INSERT INTO comment (`id`,`post_id`,`user_id`,`comment`,`parent_comment_id`,`created_date`) VALUES (103,12,149,'와 진짜 쪼금만 차면 65프로...ㄷㄷ 역대급이네요',null,'2020-08-28 18:05:00');
INSERT INTO comment (`id`,`post_id`,`user_id`,`comment`,`parent_comment_id`,`created_date`) VALUES (104,12,150,'헐 진짜 싸네요',null,'2020-08-28 19:52:00');
INSERT INTO comment (`id`,`post_id`,`user_id`,`comment`,`parent_comment_id`,`created_date`) VALUES (105,12,151,'칼하트 좋아요 완전 힙함',null,'2020-08-09 11:12:00');
INSERT INTO comment (`id`,`post_id`,`user_id`,`comment`,`parent_comment_id`,`created_date`) VALUES (106,13,122,'안그래도 요즘 헤어에센스 필요했는데 ㄱㅇㄷ',null,'2020-08-28 11:52:00');
INSERT INTO comment (`id`,`post_id`,`user_id`,`comment`,`parent_comment_id`,`created_date`) VALUES (107,13,151,'이거 성분 어떤가요? 성분 좋은거 쓰는게 좋다던데',null,'2020-08-28 12:22:00');
INSERT INTO comment (`id`,`post_id`,`user_id`,`comment`,`parent_comment_id`,`created_date`) VALUES (108,13,150,'괜춘한편..? 나쁘진 않아요',107,'2020-08-28 14:05:00');
INSERT INTO comment (`id`,`post_id`,`user_id`,`comment`,`parent_comment_id`,`created_date`) VALUES (109,13,149,'이거 무슨 신기술 어쩌구 해가지고 만든거라던데 ㄱㅊ은거같아요',107,'2020-08-28 17:52:00');
INSERT INTO comment (`id`,`post_id`,`user_id`,`comment`,`parent_comment_id`,`created_date`) VALUES (110,13,148,'이거 냄새 좋음!! 맡아봄!!',null,'2020-08-28 13:12:00');
INSERT INTO comment (`id`,`post_id`,`user_id`,`comment`,`parent_comment_id`,`created_date`) VALUES (111,13,147,'와 조금만 하면 거의 30프로 할인이다',null,'2020-08-28 16:01:00');
INSERT INTO comment (`id`,`post_id`,`user_id`,`comment`,`parent_comment_id`,`created_date`) VALUES (112,13,146,'조금만 더 참여해주세요!!!!',null,'2020-08-28 17:52:00');
INSERT INTO comment (`id`,`post_id`,`user_id`,`comment`,`parent_comment_id`,`created_date`) VALUES (113,13,145,'헐 3단계 달성!!! 완전조아 ',null,'2020-08-28 18:12:00');
INSERT INTO comment (`id`,`post_id`,`user_id`,`comment`,`parent_comment_id`,`created_date`) VALUES (114,13,144,'30프로 할인이네요 ㅎㅎ 덕분에 싸게 잘 삽니다~',null,'2020-08-29 13:05:00');
INSERT INTO comment (`id`,`post_id`,`user_id`,`comment`,`parent_comment_id`,`created_date`) VALUES (115,14,143,'요즘 여름이라 선크림 꼭 발라야함',null,'2020-08-28 10:39:00');
INSERT INTO comment (`id`,`post_id`,`user_id`,`comment`,`parent_comment_id`,`created_date`) VALUES (116,14,142,'여러분 집에 있다고 해서 선크림 안발라도 되는거 아니래요 집에서도 자외선 받아서 선크림 바르는게 좋다고 하네용',null,'2020-08-28 11:12:00');
INSERT INTO comment (`id`,`post_id`,`user_id`,`comment`,`parent_comment_id`,`created_date`) VALUES (117,14,141,'헐 진짜요...?',116,'2020-08-28 12:28:00');
INSERT INTO comment (`id`,`post_id`,`user_id`,`comment`,`parent_comment_id`,`created_date`) VALUES (118,14,140,'헐이네요 ㅠㅠ 선크림 바르기 귀찮은뎅',116,'2020-08-28 15:29:00');
INSERT INTO comment (`id`,`post_id`,`user_id`,`comment`,`parent_comment_id`,`created_date`) VALUES (119,14,139,'이거 화이트닝 기능 어떨까 궁금하네요 ㅎㅎ',null,'2020-08-28 14:05:00');
INSERT INTO comment (`id`,`post_id`,`user_id`,`comment`,`parent_comment_id`,`created_date`) VALUES (120,14,138,'전에 써봤는데 저한텐 그냥 그랬어요',119,'2020-08-28 15:52:00');
INSERT INTO comment (`id`,`post_id`,`user_id`,`comment`,`parent_comment_id`,`created_date`) VALUES (121,14,137,'저는 효과 봤어요!! 사알짝 피부가 밝아진 느낌!',119,'2020-08-28 16:12:00');
INSERT INTO comment (`id`,`post_id`,`user_id`,`comment`,`parent_comment_id`,`created_date`) VALUES (122,14,136,'저두 나쁘진 않았어요 뭐 다른 미백제품이 그렇듯 드라마틱한 효과는 생각 안하시는게 좋아여',119,'2020-08-28 17:52:00');
INSERT INTO comment (`id`,`post_id`,`user_id`,`comment`,`parent_comment_id`,`created_date`) VALUES (123,14,135,'여름이라 선크림 확확쓰네요 ㅠ 그나마 이거 참여율이 좋아서 할인이 많이되서 살라구요',null,'2020-08-28 18:17:00');
INSERT INTO comment (`id`,`post_id`,`user_id`,`comment`,`parent_comment_id`,`created_date`) VALUES (124,14,134,'오 조금만 더 차면 할인율 3단계네영',null,'2020-08-28 22:05:00');
INSERT INTO comment (`id`,`post_id`,`user_id`,`comment`,`parent_comment_id`,`created_date`) VALUES (125,15,133,'오 헨리당',null,'2020-08-28 10:52:00');
INSERT INTO comment (`id`,`post_id`,`user_id`,`comment`,`parent_comment_id`,`created_date`) VALUES (126,15,132,'헐 안그래도 남친한테 선물줄거 생각하고 있었는데 이거 넘 좋을거같아요!!',null,'2020-08-28 11:12:00');
INSERT INTO comment (`id`,`post_id`,`user_id`,`comment`,`parent_comment_id`,`created_date`) VALUES (127,15,131,'이거 향이 되게 다양한데 써보신분?? 추천하시는거 있나용',null,'2020-08-28 15:56:00');
INSERT INTO comment (`id`,`post_id`,`user_id`,`comment`,`parent_comment_id`,`created_date`) VALUES (128,15,130,'저는 블랙슈트향 써봤는데 좋았어요! 약간 깔끔한 냄새나요',127,'2020-08-28 16:12:00');
INSERT INTO comment (`id`,`post_id`,`user_id`,`comment`,`parent_comment_id`,`created_date`) VALUES (129,15,129,'저도 블랙슈트 추천! 은은하게 퍼져서 과하지 않고 좋아요',127,'2020-08-28 17:05:00');
INSERT INTO comment (`id`,`post_id`,`user_id`,`comment`,`parent_comment_id`,`created_date`) VALUES (130,15,128,'저는 데님 킥향 써봤는데 이거 좋았어요 약간 레몬..? 같은 향 나는데 상큼한 냄새에요 ㅎㅎ',127,'2020-08-28 17:52:00');
INSERT INTO comment (`id`,`post_id`,`user_id`,`comment`,`parent_comment_id`,`created_date`) VALUES (131,15,127,'요거 조금 참여율 기준이 높아서 할인받으려면 사람들 많이 채워야되는데 더 참여해주면 좋겠네요',null,'2020-08-28 18:12:00');
INSERT INTO comment (`id`,`post_id`,`user_id`,`comment`,`parent_comment_id`,`created_date`) VALUES (132,15,126,'저도 이거 할인받아서 사고싶은데.. 적어도 2단계까지 가면 좋겠어요 ㅠ',131,'2020-08-28 19:52:00');
INSERT INTO comment (`id`,`post_id`,`user_id`,`comment`,`parent_comment_id`,`created_date`) VALUES (133,16,125,'오 이거 바쁜 아침에 좋을거같아요',null,'2020-08-28 19:56:00');
INSERT INTO comment (`id`,`post_id`,`user_id`,`comment`,`parent_comment_id`,`created_date`) VALUES (134,16,124,'백탁이 없다는데.. 과연...',null,'2020-08-28 20:15:00');
INSERT INTO comment (`id`,`post_id`,`user_id`,`comment`,`parent_comment_id`,`created_date`) VALUES (135,16,123,'이거 메이크업 전에 바르는거죠?',null,'2020-08-28 21:52:00');
INSERT INTO comment (`id`,`post_id`,`user_id`,`comment`,`parent_comment_id`,`created_date`) VALUES (136,16,122,'넹 그렇게 쓰는거라고 써있네요',135,'2020-08-29 08:12:00');
INSERT INTO comment (`id`,`post_id`,`user_id`,`comment`,`parent_comment_id`,`created_date`) VALUES (137,16,121,'이거 왜케 기준이 높아 ㅜ 1단계가 무슨 350명이나 차야되네요',null,'2020-08-28 22:29:00');
INSERT INTO comment (`id`,`post_id`,`user_id`,`comment`,`parent_comment_id`,`created_date`) VALUES (138,16,120,'22... 좀 있으면 찰거같긴 한데 1단계가 넘 높네요',137,'2020-08-28 23:22:00');
INSERT INTO comment (`id`,`post_id`,`user_id`,`comment`,`parent_comment_id`,`created_date`) VALUES (139,16,119,'이거 안그래도 써보고 싶었는데! 할인 많이 되면 좋겠당',null,'2020-08-28 23:35:00');
INSERT INTO comment (`id`,`post_id`,`user_id`,`comment`,`parent_comment_id`,`created_date`) VALUES (140,16,118,'이거 궁금하네용',null,'2020-08-29 09:52:00');
INSERT INTO comment (`id`,`post_id`,`user_id`,`comment`,`parent_comment_id`,`created_date`) VALUES (141,17,117,'이거는 안그래도 싼데 할인까지 들어가면 거의 거저네요 ㅋㅋㅋ',null,'2020-08-28 11:12:00');
INSERT INTO comment (`id`,`post_id`,`user_id`,`comment`,`parent_comment_id`,`created_date`) VALUES (142,17,116,'와 할인율 참여율 대박이다',null,'2020-08-28 12:37:00');
INSERT INTO comment (`id`,`post_id`,`user_id`,`comment`,`parent_comment_id`,`created_date`) VALUES (143,17,115,'로즈힙씨드가 지성 여드름피부에 글케 좋대여',null,'2020-08-28 15:29:00');
INSERT INTO comment (`id`,`post_id`,`user_id`,`comment`,`parent_comment_id`,`created_date`) VALUES (144,17,114,'저 이건 아닌데 로즈힙 씨드 오일 쓰고 효과봤어요',null,'2020-08-28 18:05:00');
INSERT INTO comment (`id`,`post_id`,`user_id`,`comment`,`parent_comment_id`,`created_date`) VALUES (145,17,113,'헐 어떤데요???',144,'2020-08-28 18:38:00');
INSERT INTO comment (`id`,`post_id`,`user_id`,`comment`,`parent_comment_id`,`created_date`) VALUES (146,17,114,'여드름 흔적 좀 옅어졌어요!! 이거 성분 괜찮아서 이번에 참여하려구요',144,'2020-08-28 19:12:00');
INSERT INTO comment (`id`,`post_id`,`user_id`,`comment`,`parent_comment_id`,`created_date`) VALUES (147,17,113,'오 감사합니당 저도 효과 봤으면.. ㅠㅠ',144,'2020-08-28 20:29:00');
INSERT INTO comment (`id`,`post_id`,`user_id`,`comment`,`parent_comment_id`,`created_date`) VALUES (148,17,112,'와 조금만 있으면 20퍼..!!!',null,'2020-08-28 22:29:00');
INSERT INTO comment (`id`,`post_id`,`user_id`,`comment`,`parent_comment_id`,`created_date`) VALUES (149,18,111,'와 이거 효과가 괜찮은가봐요..?',null,'2020-08-28 11:52:00');
INSERT INTO comment (`id`,`post_id`,`user_id`,`comment`,`parent_comment_id`,`created_date`) VALUES (150,18,110,'이거 어떻게 쓰는거에요???',null,'2020-08-28 12:05:00');
INSERT INTO comment (`id`,`post_id`,`user_id`,`comment`,`parent_comment_id`,`created_date`) VALUES (151,18,109,'세수한 담에 이거 바르면 되용 진짜 간단함',150,'2020-08-28 13:52:00');
INSERT INTO comment (`id`,`post_id`,`user_id`,`comment`,`parent_comment_id`,`created_date`) VALUES (152,18,108,'어 이거 화해에서 봤는데!! 평 되게 좋던데',null,'2020-08-28 14:23:00');
INSERT INTO comment (`id`,`post_id`,`user_id`,`comment`,`parent_comment_id`,`created_date`) VALUES (153,18,107,'이거 써본 분??? 제형은 어때요??',null,'2020-08-28 17:52:00');
INSERT INTO comment (`id`,`post_id`,`user_id`,`comment`,`parent_comment_id`,`created_date`) VALUES (154,18,106,'되게 촉촉해요 끈적이지 않고 산뜻한 느낌..?',153,'2020-08-28 18:38:00');
INSERT INTO comment (`id`,`post_id`,`user_id`,`comment`,`parent_comment_id`,`created_date`) VALUES (155,18,107,'오 감사합니당!!',153,'2020-08-28 19:05:00');
INSERT INTO comment (`id`,`post_id`,`user_id`,`comment`,`parent_comment_id`,`created_date`) VALUES (156,18,105,'요즘 안그래도 피부 안좋았는데.. 여기에 희망을 걸어본다...',null,'2020-08-29 11:37:00');
INSERT INTO comment (`id`,`post_id`,`user_id`,`comment`,`parent_comment_id`,`created_date`) VALUES (157,19,150,'커피잘알인데 버터팻트리오 추천해요 진짜 인도네시아에서 나오는 원두로 만든거라 보기 드문 균형잡힌 맛 제공합니다',null,'2020-08-27 11:20:00');
INSERT INTO comment (`id`,`post_id`,`user_id`,`comment`,`parent_comment_id`,`created_date`) VALUES (158,19,148,'오오 믿고 갑니다 선생님',157,'2020-08-27 14:23:00');
INSERT INTO comment (`id`,`post_id`,`user_id`,`comment`,`parent_comment_id`,`created_date`) VALUES (159,19,146,'산미 좋아하면 어떤게 나을까요??',157,'2020-08-27 14:35:00');
INSERT INTO comment (`id`,`post_id`,`user_id`,`comment`,`parent_comment_id`,`created_date`) VALUES (160,19,150,'나쓰메 소세키보다 공기와 꿈 추천해요 플로럴한 향이 가장 잘 들어나는 로스팅 단계라서 디저트랑 마시기 딱 좋아요',157,'2020-08-27 15:35:00');
INSERT INTO comment (`id`,`post_id`,`user_id`,`comment`,`parent_comment_id`,`created_date`) VALUES (161,19,146,'감사합니다! 둘 다 주문해볼게요',157,'2020-08-27 16:17:00');
INSERT INTO comment (`id`,`post_id`,`user_id`,`comment`,`parent_comment_id`,`created_date`) VALUES (162,19,140,'커피러는 다양한거 마셔보는 게 좋죠',null,'2020-08-28 12:46:40');
INSERT INTO comment (`id`,`post_id`,`user_id`,`comment`,`parent_comment_id`,`created_date`) VALUES (163,19,138,'이거 스타벅스 리저브 매장에서도 쓴다던데 맞나요??',null,'2020-08-28 12:23:00');
INSERT INTO comment (`id`,`post_id`,`user_id`,`comment`,`parent_comment_id`,`created_date`) VALUES (164,19,136,'그건..아니지 않을까요??',163,'2020-08-28 13:26:00');
INSERT INTO comment (`id`,`post_id`,`user_id`,`comment`,`parent_comment_id`,`created_date`) VALUES (165,19,134,'식후에 딱 접대하기에도 좋을듯합니다',null,'2020-08-27 14:35:00');
INSERT INTO comment (`id`,`post_id`,`user_id`,`comment`,`parent_comment_id`,`created_date`) VALUES (166,19,100,'앤트러사이트 제주도에서 가고 반했는데 따로 찾아가기엔 너무 멀어서ㅠㅠ얼른 왔으면 좋겠네요',null,'2020-08-29 11:46:00');
INSERT INTO comment (`id`,`post_id`,`user_id`,`comment`,`parent_comment_id`,`created_date`) VALUES (167,19,103,'앤트러사이트 진짜 대박이었는데',166,'2020-08-29 11:49:00');
INSERT INTO comment (`id`,`post_id`,`user_id`,`comment`,`parent_comment_id`,`created_date`) VALUES (168,19,100,'공간이 굉장히 좋았어서 그 맛이 날까 걱정이네요',166,'2020-08-29 11:56:00');
INSERT INTO comment (`id`,`post_id`,`user_id`,`comment`,`parent_comment_id`,`created_date`) VALUES (169,20,109,'밥 한공기 정도 칼로리네요 아침에 시간 없고 정신없는데 딱 먹기에 좋을 듯',null,'2020-08-26 17:23:00');
INSERT INTO comment (`id`,`post_id`,`user_id`,`comment`,`parent_comment_id`,`created_date`) VALUES (170,20,112,'이거 오프라인 매장에서 먹어봤는데 대박이에요',null,'2020-08-26 19:55:00');
INSERT INTO comment (`id`,`post_id`,`user_id`,`comment`,`parent_comment_id`,`created_date`) VALUES (171,20,115,'왜요??',170,'2020-08-28 11:59:01');
INSERT INTO comment (`id`,`post_id`,`user_id`,`comment`,`parent_comment_id`,`created_date`) VALUES (172,20,118,'막 뭐라해야하지 엄청 달달하고 쫀쫀하고 녹진한.. 본죽보다 훨 맛있어요',170,'2020-08-28 12:06:06');
INSERT INTO comment (`id`,`post_id`,`user_id`,`comment`,`parent_comment_id`,`created_date`) VALUES (173,20,121,'인테이크 다른 제품도 많이 먹어봤는데 단호박 할인율 높길래 참여하기 눌렀습니다',null,'2020-08-27 11:17:00');
INSERT INTO comment (`id`,`post_id`,`user_id`,`comment`,`parent_comment_id`,`created_date`) VALUES (174,20,124,'다이어트용인데 맛있다고 3~4개 먹을까봐 걱정이네요',null,'2020-08-27 11:20:00');
INSERT INTO comment (`id`,`post_id`,`user_id`,`comment`,`parent_comment_id`,`created_date`) VALUES (175,20,127,'진심ㅋㅋㅋ맛있어도 문제',174,'2020-08-27 16:17:00');
INSERT INTO comment (`id`,`post_id`,`user_id`,`comment`,`parent_comment_id`,`created_date`) VALUES (176,20,130,'이거 달까요??',null,'2020-08-27 23:35:00');
INSERT INTO comment (`id`,`post_id`,`user_id`,`comment`,`parent_comment_id`,`created_date`) VALUES (177,20,133,'달긴 할거같은데 부가 첨가제가 없어서 괜찮을 것 같아요!',176,'2020-08-28 11:06:00');
INSERT INTO comment (`id`,`post_id`,`user_id`,`comment`,`parent_comment_id`,`created_date`) VALUES (178,20,136,'오랫동안 졸여서 수분 증발시킨다는 게 마음에 드네요 약간 녹즙 같은 느낌',null,'2020-08-27 11:17:00');
INSERT INTO comment (`id`,`post_id`,`user_id`,`comment`,`parent_comment_id`,`created_date`) VALUES (179,20,149,'이런 거 찾고 있었습니다ㅠㅠ먹다가 가방에 넣고 다닐 수 있고 언제든 꺼내 먹을 수 있는',null,'2020-08-27 11:20:00');
INSERT INTO comment (`id`,`post_id`,`user_id`,`comment`,`parent_comment_id`,`created_date`) VALUES (180,20,147,'단호박죽은 차갑게 먹어도 꿀맛',null,'2020-08-27 14:23:00');
INSERT INTO comment (`id`,`post_id`,`user_id`,`comment`,`parent_comment_id`,`created_date`) VALUES (181,20,145,'괜히 배고파진다 호박죽 훠궈훠궈',180,'2020-08-28 11:52:00');
INSERT INTO comment (`id`,`post_id`,`user_id`,`comment`,`parent_comment_id`,`created_date`) VALUES (182,20,143,'저희 어머니가 이번에 틀니를 새로 맞추셔서 효도 선물로 딱 좋겠어요',null,'2020-08-28 11:58:20');
INSERT INTO comment (`id`,`post_id`,`user_id`,`comment`,`parent_comment_id`,`created_date`) VALUES (183,20,141,'이번에 오른쪽 위 사랑니 빼려고 하는데 그 안에 왔으면 좋겠다',null,'2020-08-28 11:59:01');
INSERT INTO comment (`id`,`post_id`,`user_id`,`comment`,`parent_comment_id`,`created_date`) VALUES (184,20,139,'혹시 매복??',183,'2020-08-29 11:25:00');
INSERT INTO comment (`id`,`post_id`,`user_id`,`comment`,`parent_comment_id`,`created_date`) VALUES (185,20,141,'네ㅠㅠ 매복이라서 너무 걱정되네요 빼고나면 음식도 제대로 못 먹나요?',183,'2020-08-29 11:35:00');
INSERT INTO comment (`id`,`post_id`,`user_id`,`comment`,`parent_comment_id`,`created_date`) VALUES (186,20,135,'호박죽 보니까 괜히 방금 밥먹었는데 또 먹고싶네요',null,'2020-08-27 15:35:00');
INSERT INTO comment (`id`,`post_id`,`user_id`,`comment`,`parent_comment_id`,`created_date`) VALUES (187,20,133,'엇 이거 몰랐는데 고구마도 들어가네요?? 완전 건강식',null,'2020-08-27 16:17:00');
INSERT INTO comment (`id`,`post_id`,`user_id`,`comment`,`parent_comment_id`,`created_date`) VALUES (188,20,131,'근데 얘도 많이 먹으면 몸에 안 좋아요 적당히 먹어야 함',187,'2020-08-27 18:20:00');
INSERT INTO comment (`id`,`post_id`,`user_id`,`comment`,`parent_comment_id`,`created_date`) VALUES (189,20,129,'이거 렌지 오래 돌린다고 터지진 않겠죠?? 트라우마 생겼네ㅠ',null,'2020-08-29 13:11:00');
INSERT INTO comment (`id`,`post_id`,`user_id`,`comment`,`parent_comment_id`,`created_date`) VALUES (190,20,127,'엇 조금만 더 있으면 최고할인이네',null,'2020-08-29 13:20:00');
INSERT INTO comment (`id`,`post_id`,`user_id`,`comment`,`parent_comment_id`,`created_date`) VALUES (191,20,125,'이틀 남았는데!! 돈 조금이라도 아껴보자ㅋㅋㅋ',190,'2020-08-29 13:23:00');
INSERT INTO comment (`id`,`post_id`,`user_id`,`comment`,`parent_comment_id`,`created_date`) VALUES (192,21,123,'마침 골목식당 보고 조미료 뽐뿌 왔는데 잘됐다',null,'2020-08-27 11:00:00');
INSERT INTO comment (`id`,`post_id`,`user_id`,`comment`,`parent_comment_id`,`created_date`) VALUES (193,21,121,'골목식당 김치찌개 편 봤어? 대박이던데',192,'2020-08-28 11:02:00');
INSERT INTO comment (`id`,`post_id`,`user_id`,`comment`,`parent_comment_id`,`created_date`) VALUES (194,21,120,'마늘 그래뉼 맛 어떨지 진짜 궁금하다 맨날 소금만 썼었는데',null,'2020-08-28 11:05:00');
INSERT INTO comment (`id`,`post_id`,`user_id`,`comment`,`parent_comment_id`,`created_date`) VALUES (195,21,119,'전 파슬리랑 허브 진짜 궁금하네요 처가 동생이 음식의 간지는 파슬리라고 했는데',194,'2020-08-29 10:05:00');
INSERT INTO comment (`id`,`post_id`,`user_id`,`comment`,`parent_comment_id`,`created_date`) VALUES (196,21,118,'타임이나 바질도 있어서 스테이크 먹을 때 딱일거 같네요',194,'2020-08-29 13:30:00');
INSERT INTO comment (`id`,`post_id`,`user_id`,`comment`,`parent_comment_id`,`created_date`) VALUES (197,21,117,'아 괜히 보니까 요리하고 싶어진다',null,'2020-08-27 17:00:00');
INSERT INTO comment (`id`,`post_id`,`user_id`,`comment`,`parent_comment_id`,`created_date`) VALUES (198,21,116,'견과류 먹을 때도 항상 소분된 것만 샀는데 이렇게 소분된 상품이 편한거 같아요 정말',null,'2020-08-28 11:02:00');
INSERT INTO comment (`id`,`post_id`,`user_id`,`comment`,`parent_comment_id`,`created_date`) VALUES (199,21,115,'원래 조미료 좋아하는 편인데 이거 사면 괜히 조미료만 찍어서 먹을 거 같아요',null,'2020-08-28 11:05:00');
INSERT INTO comment (`id`,`post_id`,`user_id`,`comment`,`parent_comment_id`,`created_date`) VALUES (200,21,114,'배달 음식에도 넣어 먹으면 좋을거 같네요',null,'2020-08-27 17:05:00');
INSERT INTO comment (`id`,`post_id`,`user_id`,`comment`,`parent_comment_id`,`created_date`) VALUES (201,22,113,'할머니가 해주시던 꿀 생각 납니다',null,'2020-08-29 13:30:00');
INSERT INTO comment (`id`,`post_id`,`user_id`,`comment`,`parent_comment_id`,`created_date`) VALUES (202,22,112,'확실히 유기농이 유행이긴 한가보다',null,'2020-08-29 13:30:00');
INSERT INTO comment (`id`,`post_id`,`user_id`,`comment`,`parent_comment_id`,`created_date`) VALUES (203,22,111,'생강 싫어하는데 이렇게 꿀로 나온건 어떨지 기대되네요',null,'2020-08-29 14:05:00');
INSERT INTO comment (`id`,`post_id`,`user_id`,`comment`,`parent_comment_id`,`created_date`) VALUES (204,22,110,'근데 생각보다 참여율이 높진 않네요',null,'2020-08-29 13:30:00');
INSERT INTO comment (`id`,`post_id`,`user_id`,`comment`,`parent_comment_id`,`created_date`) VALUES (205,22,119,'아침에 밥 먹을 시간 없을 때 식빵 꿀 찍어 먹으면 개꿀',null,'2020-08-29 14:05:00');
INSERT INTO comment (`id`,`post_id`,`user_id`,`comment`,`parent_comment_id`,`created_date`) VALUES (206,22,108,'보약이다 생각하고 먹으면 좋겠네요',null,'2020-08-29 11:20:00');
INSERT INTO comment (`id`,`post_id`,`user_id`,`comment`,`parent_comment_id`,`created_date`) VALUES (207,22,107,'저희 어머니가 좋아하시겠네요 다들 많이 참여해서 할인율 높아졌으면 좋겠습니다',206,'2020-08-29 11:23:00');
INSERT INTO comment (`id`,`post_id`,`user_id`,`comment`,`parent_comment_id`,`created_date`) VALUES (208,23,106,'기다리다 못해 베라 먹으러 갑니다',null,'2020-08-28 11:02:00');
INSERT INTO comment (`id`,`post_id`,`user_id`,`comment`,`parent_comment_id`,`created_date`) VALUES (209,23,105,'이거 완전 떡상 각',null,'2020-08-29 11:23:00');
INSERT INTO comment (`id`,`post_id`,`user_id`,`comment`,`parent_comment_id`,`created_date`) VALUES (210,23,104,'해외에서 먹어봤는데 진짜 맛있더라구요',209,'2020-08-29 13:23:00');
INSERT INTO comment (`id`,`post_id`,`user_id`,`comment`,`parent_comment_id`,`created_date`) VALUES (211,23,103,'할인율 올려봅시다 으',null,'2020-08-29 10:20:00');
INSERT INTO comment (`id`,`post_id`,`user_id`,`comment`,`parent_comment_id`,`created_date`) VALUES (212,23,102,'쌰',211,'2020-08-29 11:23:00');
INSERT INTO comment (`id`,`post_id`,`user_id`,`comment`,`parent_comment_id`,`created_date`) VALUES (213,23,101,'으',211,'2020-08-29 13:23:00');
INSERT INTO comment (`id`,`post_id`,`user_id`,`comment`,`parent_comment_id`,`created_date`) VALUES (214,23,100,'쌰',211,'2020-08-29 12:21:00');
INSERT INTO comment (`id`,`post_id`,`user_id`,`comment`,`parent_comment_id`,`created_date`) VALUES (215,23,150,'유기농은 정말 믿을만 하죠',null,'2020-08-29 10:20:00');
INSERT INTO comment (`id`,`post_id`,`user_id`,`comment`,`parent_comment_id`,`created_date`) VALUES (216,23,149,'아기들이 너무 좋아할거 같아요',null,'2020-08-29 11:23:00');
INSERT INTO comment (`id`,`post_id`,`user_id`,`comment`,`parent_comment_id`,`created_date`) VALUES (217,23,148,'맞아요 인공 첨가물도 적다고 하니 믿고 먹일 수 있을 거 같네요',216,'2020-08-29 13:23:00');
INSERT INTO comment (`id`,`post_id`,`user_id`,`comment`,`parent_comment_id`,`created_date`) VALUES (218,23,147,'배고플 때 딱 먹기 좋겠다',null,'2020-08-29 12:21:00');
INSERT INTO comment (`id`,`post_id`,`user_id`,`comment`,`parent_comment_id`,`created_date`) VALUES (219,23,146,'아 괜히 민초 땡긴다',null,'2020-08-28 11:02:00');
INSERT INTO comment (`id`,`post_id`,`user_id`,`comment`,`parent_comment_id`,`created_date`) VALUES (220,23,145,'민초파?ㅋㅋㅋ',219,'2020-08-28 11:02:00');
INSERT INTO comment (`id`,`post_id`,`user_id`,`comment`,`parent_comment_id`,`created_date`) VALUES (221,23,144,'와 유기농 카카오 진짜 엄청 땡기네',null,'2020-08-28 11:58:20');
INSERT INTO comment (`id`,`post_id`,`user_id`,`comment`,`parent_comment_id`,`created_date`) VALUES (222,23,143,'대세는 카카오 인정?',221,'2020-08-28 11:59:01');
INSERT INTO comment (`id`,`post_id`,`user_id`,`comment`,`parent_comment_id`,`created_date`) VALUES (223,23,142,'대세는 딸기지ㅋㅋ',221,'2020-08-28 12:06:06');
INSERT INTO comment (`id`,`post_id`,`user_id`,`comment`,`parent_comment_id`,`created_date`) VALUES (224,24,141,'와 서울우유 아직 안 죽었네',null,'2020-08-29 11:20:00');
INSERT INTO comment (`id`,`post_id`,`user_id`,`comment`,`parent_comment_id`,`created_date`) VALUES (225,24,140,'맞아 맨날 급식 때 나오면 하얀 우유 싫었었는데 이렇게 스프로 보니까 반갑네요',224,'2020-08-29 11:23:00');
INSERT INTO comment (`id`,`post_id`,`user_id`,`comment`,`parent_comment_id`,`created_date`) VALUES (226,24,139,'편의점에 파는 것보다 훨씬 나을거 같은 게 일단 믿고 먹을 수 있고 단가도 이게 훨씬 더 싸네요',null,'2020-08-29 11:27:00');
INSERT INTO comment (`id`,`post_id`,`user_id`,`comment`,`parent_comment_id`,`created_date`) VALUES (227,24,138,'지인이 지금 이 서울우유 개발 중이라는데 진짜 공들인 제품이라고 하네요',null,'2020-08-29 11:27:00');
INSERT INTO comment (`id`,`post_id`,`user_id`,`comment`,`parent_comment_id`,`created_date`) VALUES (228,24,137,'그런 정보 유출해도 되나요?ㅋㅋㅋ',227,'2020-08-29 11:50:00');
INSERT INTO comment (`id`,`post_id`,`user_id`,`comment`,`parent_comment_id`,`created_date`) VALUES (229,24,136,'믿고 갑니다',227,'2020-08-29 12:21:00');
INSERT INTO comment (`id`,`post_id`,`user_id`,`comment`,`parent_comment_id`,`created_date`) VALUES (230,24,135,'오 우리 아기 먹이면 좋을거 같아요',227,'2020-08-29 13:11:00');
INSERT INTO comment (`id`,`post_id`,`user_id`,`comment`,`parent_comment_id`,`created_date`) VALUES (231,24,134,'아기한텐 좋은 것만 먹여야죠ㅎㅎ',227,'2020-08-29 13:20:00');
INSERT INTO comment (`id`,`post_id`,`user_id`,`comment`,`parent_comment_id`,`created_date`) VALUES (232,24,133,'어릴때부터 먹던 서울우유라 신뢰가 가네요',227,'2020-08-29 13:23:00');
INSERT INTO comment (`id`,`post_id`,`user_id`,`comment`,`parent_comment_id`,`created_date`) VALUES (233,24,132,'칼로리도 밥 반공기도 안돼서 직장인이 아침에 먹기에도 딱 좋겠어요',null,'2020-08-29 11:50:00');
INSERT INTO comment (`id`,`post_id`,`user_id`,`comment`,`parent_comment_id`,`created_date`) VALUES (234,25,131,'이거 특허까지 있고 개발기간 엄청 오래 갔다던데 29cm 에선 완전 인기 많대요',null,'2020-08-28 11:20:00');
INSERT INTO comment (`id`,`post_id`,`user_id`,`comment`,`parent_comment_id`,`created_date`) VALUES (235,25,130,'가격이 비싸서 고민이 좀 되네요',null,'2020-08-28 11:52:00');
INSERT INTO comment (`id`,`post_id`,`user_id`,`comment`,`parent_comment_id`,`created_date`) VALUES (236,25,129,'집들이 갔을 때 진짜 좋다고 생각했는데 마침 매물 올라왔네요!',null,'2020-08-28 11:58:20');
INSERT INTO comment (`id`,`post_id`,`user_id`,`comment`,`parent_comment_id`,`created_date`) VALUES (237,25,128,'바로 과감하게 지릅니다',null,'2020-08-29 11:50:00');
INSERT INTO comment (`id`,`post_id`,`user_id`,`comment`,`parent_comment_id`,`created_date`) VALUES (238,25,127,'참여자 잘 안 오르네요ㅠㅠ제 지인 다 동원했는데',237,'2020-08-29 12:21:00');
INSERT INTO comment (`id`,`post_id`,`user_id`,`comment`,`parent_comment_id`,`created_date`) VALUES (239,26,126,'이거 디자인 보자마자 참여하기 눌렀습니다',null,'2020-08-29 11:10:00');
INSERT INTO comment (`id`,`post_id`,`user_id`,`comment`,`parent_comment_id`,`created_date`) VALUES (240,26,125,'진짜 너무 이쁨 약간 이시국이긴 하지만 무인양품 느낌도 나고ㅠㅠ',239,'2020-08-29 11:13:00');
INSERT INTO comment (`id`,`post_id`,`user_id`,`comment`,`parent_comment_id`,`created_date`) VALUES (241,26,124,'맞아 디퓨저 기능 있다는거 보자마자 떠오른 무인양품ㅋㅋㅋ',239,'2020-08-29 11:49:00');
INSERT INTO comment (`id`,`post_id`,`user_id`,`comment`,`parent_comment_id`,`created_date`) VALUES (242,26,123,'플러스마이너스 여기가 진짜 가전들 깔끔하게 잘 뽑는듯',null,'2020-08-29 11:56:00');
INSERT INTO comment (`id`,`post_id`,`user_id`,`comment`,`parent_comment_id`,`created_date`) VALUES (243,26,122,'인정 썸네일만 봐도 벌써 심플하고 깰끔',242,'2020-08-29 12:21:00');
INSERT INTO comment (`id`,`post_id`,`user_id`,`comment`,`parent_comment_id`,`created_date`) VALUES (244,26,121,'무드등 켜놓고 넷플릭스 보면 힐링 그 자체',null,'2020-08-29 11:20:00');
INSERT INTO comment (`id`,`post_id`,`user_id`,`comment`,`parent_comment_id`,`created_date`) VALUES (245,26,120,'요즘 넷플릭스보단 왓챠지',244,'2020-08-29 11:23:00');
INSERT INTO comment (`id`,`post_id`,`user_id`,`comment`,`parent_comment_id`,`created_date`) VALUES (246,26,119,'?넷플이 짱이지 기묘한 이야기 안 봤나',244,'2020-08-29 11:27:00');
INSERT INTO comment (`id`,`post_id`,`user_id`,`comment`,`parent_comment_id`,`created_date`) VALUES (247,26,118,'체르노빌 보고 얘기하자',244,'2020-08-29 11:50:00');
INSERT INTO comment (`id`,`post_id`,`user_id`,`comment`,`parent_comment_id`,`created_date`) VALUES (248,26,117,'아니 가습기 댓글창에서 이게 뭐하는 짓ㅋㅋㅋ',244,'2020-08-29 12:21:00');
INSERT INTO comment (`id`,`post_id`,`user_id`,`comment`,`parent_comment_id`,`created_date`) VALUES (249,26,116,'잔고장이 많진 않겠죠?? 집에 이쁜 쓰레기들이 많아서',null,'2020-08-29 11:20:00');
INSERT INTO comment (`id`,`post_id`,`user_id`,`comment`,`parent_comment_id`,`created_date`) VALUES (250,26,115,'안녕하세요 플러스마이너스제로입니다. 튼튼하게 만들었고 1년 무상 AS 제공드리니 걱정말고 구매 부탁드립니다^^',249,'2020-08-29 11:23:00');
INSERT INTO comment (`id`,`post_id`,`user_id`,`comment`,`parent_comment_id`,`created_date`) VALUES (251,26,114,'앗 진짜가 등장하셨다 감사합니다 꼭 살게요 두번 살게요ㅠㅠ',249,'2020-08-29 11:27:00');
INSERT INTO comment (`id`,`post_id`,`user_id`,`comment`,`parent_comment_id`,`created_date`) VALUES (252,26,113,'오 대박 얼른 마감되기만 기다리고 있습니다',249,'2020-08-29 11:50:00');
INSERT INTO comment (`id`,`post_id`,`user_id`,`comment`,`parent_comment_id`,`created_date`) VALUES (253,26,112,'저번에 미니 선풍기 샀던 것도 대박이었어요 기대하고 있습니다!!',249,'2020-08-29 13:23:00');
INSERT INTO comment (`id`,`post_id`,`user_id`,`comment`,`parent_comment_id`,`created_date`) VALUES (254,26,111,'이거 사면 집에 대형 스탠드 안쓸 삘ㅋㅋㅋ',null,'2020-08-29 11:17:00');
INSERT INTO comment (`id`,`post_id`,`user_id`,`comment`,`parent_comment_id`,`created_date`) VALUES (255,26,110,'화려한 조명이 나를 감싸지 않아도 이 무드등이면 충분ㅋㅋ',null,'2020-08-29 11:20:00');
INSERT INTO comment (`id`,`post_id`,`user_id`,`comment`,`parent_comment_id`,`created_date`) VALUES (256,26,109,'언젯적 깡;',255,'2020-08-29 11:49:00');
INSERT INTO comment (`id`,`post_id`,`user_id`,`comment`,`parent_comment_id`,`created_date`) VALUES (257,27,108,'오 진짜 이거 개발하신 분 들숨에 재력을 날숨에 권력을 얻으시길,,',null,'2020-08-29 11:27:00');
INSERT INTO comment (`id`,`post_id`,`user_id`,`comment`,`parent_comment_id`,`created_date`) VALUES (258,27,107,'개웃겨ㅋㅋㅋㅋㅋㅋㅋㅋㅋ',257,'2020-08-29 11:50:00');
INSERT INTO comment (`id`,`post_id`,`user_id`,`comment`,`parent_comment_id`,`created_date`) VALUES (259,27,106,'근데 진짜 자취할 때 좋긴 함 원래 집에서 쓰던 다리미는 너무 무거워서',257,'2020-08-29 12:21:00');
INSERT INTO comment (`id`,`post_id`,`user_id`,`comment`,`parent_comment_id`,`created_date`) VALUES (260,27,105,'ㅇㅈ 다리미 쓰고 나면 팔에 쥐나ㅋㅋㅋ',257,'2020-08-29 13:11:00');
INSERT INTO comment (`id`,`post_id`,`user_id`,`comment`,`parent_comment_id`,`created_date`) VALUES (261,27,104,'독일 제품이라 믿고 사용 가능',null,'2020-08-29 11:17:00');
INSERT INTO comment (`id`,`post_id`,`user_id`,`comment`,`parent_comment_id`,`created_date`) VALUES (262,27,103,'이거 해외 직구해야 되는거 아닌가요??',null,'2020-08-29 10:25:00');
INSERT INTO comment (`id`,`post_id`,`user_id`,`comment`,`parent_comment_id`,`created_date`) VALUES (263,27,102,'ㄴㄴ보만 코리아에서 바로 와서 마감만 되면 출고 금방돼요',262,'2020-08-29 11:49:00');
INSERT INTO comment (`id`,`post_id`,`user_id`,`comment`,`parent_comment_id`,`created_date`) VALUES (264,27,101,'오 감사합니다 꿀단지는 이렇게 편하게 다른 분들이 대답해줘서 좋아요',262,'2020-08-29 11:56:00');
INSERT INTO comment (`id`,`post_id`,`user_id`,`comment`,`parent_comment_id`,`created_date`) VALUES (265,27,100,'대신에 잘 찾아봐야 돼요 루머도 많아서',262,'2020-08-29 12:21:00');
INSERT INTO comment (`id`,`post_id`,`user_id`,`comment`,`parent_comment_id`,`created_date`) VALUES (266,27,130,'아 배송 언제 오나~~',null,'2020-08-29 13:11:00');
INSERT INTO comment (`id`,`post_id`,`user_id`,`comment`,`parent_comment_id`,`created_date`) VALUES (267,27,128,'원래 쓰던거 너무 무거웠는데 잘 됐다',null,'2020-08-29 12:21:00');
INSERT INTO comment (`id`,`post_id`,`user_id`,`comment`,`parent_comment_id`,`created_date`) VALUES (268,27,126,'오 댑악 이번에 집들이 선물로 줘야겠다',null,'2020-08-29 11:23:00');
INSERT INTO comment (`id`,`post_id`,`user_id`,`comment`,`parent_comment_id`,`created_date`) VALUES (269,27,124,'집들이 선물로는 좀; 번듯한게 낫지 않을까요',268,'2020-08-29 11:27:00');
INSERT INTO comment (`id`,`post_id`,`user_id`,`comment`,`parent_comment_id`,`created_date`) VALUES (270,27,122,'저 이거 취소하면 할인율 떨어지는데요??',268,'2020-08-29 11:46:00');
INSERT INTO comment (`id`,`post_id`,`user_id`,`comment`,`parent_comment_id`,`created_date`) VALUES (271,27,120,'아 죄송합니다..',268,'2020-08-29 11:49:00');
INSERT INTO comment (`id`,`post_id`,`user_id`,`comment`,`parent_comment_id`,`created_date`) VALUES (272,27,118,'참여율 엄청 높네 이거 최고 할인가능할거 같은데',null,'2020-08-29 11:10:00');
INSERT INTO comment (`id`,`post_id`,`user_id`,`comment`,`parent_comment_id`,`created_date`) VALUES (273,27,116,'저도 지인들한테 계속 홍보 중ㅋㅋㅋ',272,'2020-08-29 11:46:00');
INSERT INTO comment (`id`,`post_id`,`user_id`,`comment`,`parent_comment_id`,`created_date`) VALUES (274,27,114,'35%할인 가즈아',272,'2020-08-29 12:21:00');
INSERT INTO comment (`id`,`post_id`,`user_id`,`comment`,`parent_comment_id`,`created_date`) VALUES (275,27,100,'아 남자친구 셔츠 맨날 구겨져있는데 이거 사줘야겠다',null,'2020-08-29 10:25:00');
INSERT INTO comment (`id`,`post_id`,`user_id`,`comment`,`parent_comment_id`,`created_date`) VALUES (276,27,101,'스팀 다리미 성능 괜찮을까요??',null,'2020-08-29 13:11:00');
INSERT INTO comment (`id`,`post_id`,`user_id`,`comment`,`parent_comment_id`,`created_date`) VALUES (277,27,102,'여행용으로 들고다니기 괜찮을 사이즈네',null,'2020-08-29 11:13:00');
INSERT INTO comment (`id`,`post_id`,`user_id`,`comment`,`parent_comment_id`,`created_date`) VALUES (278,28,103,'요즘 이런거 많이 보이네요',null,'2020-08-29 11:50:00');
INSERT INTO comment (`id`,`post_id`,`user_id`,`comment`,`parent_comment_id`,`created_date`) VALUES (279,28,150,'맞아요 회사에서 다들 많이 쓰던데',278,'2020-08-29 12:21:00');
INSERT INTO comment (`id`,`post_id`,`user_id`,`comment`,`parent_comment_id`,`created_date`) VALUES (280,28,149,'부장님이 추위를 많이 타서 에어컨 약한데 대형 선풍기는 또 눈치보이고',278,'2020-08-29 13:11:00');
INSERT INTO comment (`id`,`post_id`,`user_id`,`comment`,`parent_comment_id`,`created_date`) VALUES (281,28,148,'맞아요 이번 여름 대박 더워서 지하철에도 미니 선풍기 들고 다니는,,',278,'2020-08-29 13:20:00');
INSERT INTO comment (`id`,`post_id`,`user_id`,`comment`,`parent_comment_id`,`created_date`) VALUES (282,28,147,'사무실에서 쓰기 딱 좋겠다',null,'2020-08-29 10:20:00');
INSERT INTO comment (`id`,`post_id`,`user_id`,`comment`,`parent_comment_id`,`created_date`) VALUES (283,28,146,'아 이번 장마 너무 길다',null,'2020-08-29 13:11:00');
INSERT INTO comment (`id`,`post_id`,`user_id`,`comment`,`parent_comment_id`,`created_date`) VALUES (284,28,145,'태풍 또 온다던데요?',283,'2020-08-29 13:20:00');
INSERT INTO comment (`id`,`post_id`,`user_id`,`comment`,`parent_comment_id`,`created_date`) VALUES (285,28,144,'무선으로 사용 가능해서 진짜 괜찮을듯 사무실에서 쓰기도 딱 좋고',null,'2020-08-29 11:49:00');
INSERT INTO comment (`id`,`post_id`,`user_id`,`comment`,`parent_comment_id`,`created_date`) VALUES (286,28,143,'저소음, 3단계 풍량조절 대박',null,'2020-08-29 12:21:00');
INSERT INTO comment (`id`,`post_id`,`user_id`,`comment`,`parent_comment_id`,`created_date`) VALUES (287,28,142,'배터리 엄청 많다는 게 진짜 마음에 든다',null,'2020-08-29 10:25:00');
INSERT INTO comment (`id`,`post_id`,`user_id`,`comment`,`parent_comment_id`,`created_date`) VALUES (288,28,141,'ㅁㅈ 건전지는 너무 빨리 약해져',287,'2020-08-29 11:10:00');
INSERT INTO comment (`id`,`post_id`,`user_id`,`comment`,`parent_comment_id`,`created_date`) VALUES (289,28,140,'선풍기 죽어갈 때 같이 죽어가는 내 마음..',287,'2020-08-29 11:49:00');
INSERT INTO comment (`id`,`post_id`,`user_id`,`comment`,`parent_comment_id`,`created_date`) VALUES (290,29,139,'아 이거 진짜 대박 나혼자산다였나 보고 꼭 사고 싶었는데 싸게 꿀단지에서 살 수 있겠네요',null,'2020-08-28 11:06:00');
INSERT INTO comment (`id`,`post_id`,`user_id`,`comment`,`parent_comment_id`,`created_date`) VALUES (291,29,138,'겉바속촉 와플 크 회사에 놔둬도 좋겠어요',null,'2020-08-28 11:59:01');
INSERT INTO comment (`id`,`post_id`,`user_id`,`comment`,`parent_comment_id`,`created_date`) VALUES (292,29,137,'ㅋㅋㅋ진짜 자극적인 문구 겉바속촉 침고이네',291,'2020-08-28 12:56:00');
INSERT INTO comment (`id`,`post_id`,`user_id`,`comment`,`parent_comment_id`,`created_date`) VALUES (293,29,136,'친구 보니까 와플기계로 온갖거 다 만들던데',null,'2020-08-28 11:20:00');
INSERT INTO comment (`id`,`post_id`,`user_id`,`comment`,`parent_comment_id`,`created_date`) VALUES (294,29,135,'어떤거요??',293,'2020-08-29 11:23:00');
INSERT INTO comment (`id`,`post_id`,`user_id`,`comment`,`parent_comment_id`,`created_date`) VALUES (295,29,136,'아니 막 샌드위치도 만들고 그러던데',293,'2020-08-28 11:52:00');
INSERT INTO comment (`id`,`post_id`,`user_id`,`comment`,`parent_comment_id`,`created_date`) VALUES (296,29,135,'답장 속도 칼이시네ㅋㅋㅋ',293,'2020-08-28 11:58:20');
INSERT INTO comment (`id`,`post_id`,`user_id`,`comment`,`parent_comment_id`,`created_date`) VALUES (297,29,136,'꿀단지에 눌러 살고 있습니다',293,'2020-08-28 11:59:01');
INSERT INTO comment (`id`,`post_id`,`user_id`,`comment`,`parent_comment_id`,`created_date`) VALUES (298,29,131,'다이어트하는 나 눈 감아',null,'2020-08-28 11:52:00');
INSERT INTO comment (`id`,`post_id`,`user_id`,`comment`,`parent_comment_id`,`created_date`) VALUES (299,29,130,'맛있으면 0칼로리...',298,'2020-08-28 11:58:20');
INSERT INTO comment (`id`,`post_id`,`user_id`,`comment`,`parent_comment_id`,`created_date`) VALUES (300,29,129,'이렇게 다같이 돼지월드^^',298,'2020-08-28 11:59:01');
INSERT INTO comment (`id`,`post_id`,`user_id`,`comment`,`parent_comment_id`,`created_date`) VALUES (301,29,128,'약간 디자인 화장실에서 손 말리는 건조기 같지 않나?ㅋㅋㅋ',null,'2020-08-28 11:20:00');
INSERT INTO comment (`id`,`post_id`,`user_id`,`comment`,`parent_comment_id`,`created_date`) VALUES (302,29,127,'헐ㅋㅋㅋ먹는건데 괜히 찝찝하게',301,'2020-08-28 11:52:00');
INSERT INTO comment (`id`,`post_id`,`user_id`,`comment`,`parent_comment_id`,`created_date`) VALUES (303,30,100,'헬창 모여라',null,'2020-08-28 11:20:00');
INSERT INTO comment (`id`,`post_id`,`user_id`,`comment`,`parent_comment_id`,`created_date`) VALUES (304,30,101,'3대 몇?',303,'2020-08-29 11:23:00');
INSERT INTO comment (`id`,`post_id`,`user_id`,`comment`,`parent_comment_id`,`created_date`) VALUES (305,30,100,'450칩니다',303,'2020-08-28 11:52:00');
INSERT INTO comment (`id`,`post_id`,`user_id`,`comment`,`parent_comment_id`,`created_date`) VALUES (306,30,103,'언더아머 단속반 출동^^',303,'2020-08-28 11:58:20');
INSERT INTO comment (`id`,`post_id`,`user_id`,`comment`,`parent_comment_id`,`created_date`) VALUES (307,30,104,'요가할때 진짜 괜찮을거 같은데 가격이 좀 있네요',null,'2020-08-29 12:21:00');
INSERT INTO comment (`id`,`post_id`,`user_id`,`comment`,`parent_comment_id`,`created_date`) VALUES (308,31,105,'이런거 집에 두면 옷걸이로 전락,,',null,'2020-08-27 10:23:00');
INSERT INTO comment (`id`,`post_id`,`user_id`,`comment`,`parent_comment_id`,`created_date`) VALUES (309,31,106,'층간소음 괜찮을까요?? 아랫집이 좀 민감해서 걱정되네요',null,'2020-08-27 14:23:00');
INSERT INTO comment (`id`,`post_id`,`user_id`,`comment`,`parent_comment_id`,`created_date`) VALUES (310,31,107,'코로나 때문에 지금 딱 사용하기 좋겠어요',null,'2020-08-27 11:17:00');
INSERT INTO comment (`id`,`post_id`,`user_id`,`comment`,`parent_comment_id`,`created_date`) VALUES (311,31,108,'코로나 언제 끝나나 요즘 헬스장에서도 마스크 쓰는데 유산소는 이걸로 집에서 하면 괜찮을듯하네요',310,'2020-08-27 11:20:00');
INSERT INTO comment (`id`,`post_id`,`user_id`,`comment`,`parent_comment_id`,`created_date`) VALUES (312,32,109,'이거 좀 딱딱한거 같은데 딱딱한게 근육 풀기에 좋나요 헬창 아니 중급 헬스인 여러분??',null,'2020-08-27 10:23:00');
INSERT INTO comment (`id`,`post_id`,`user_id`,`comment`,`parent_comment_id`,`created_date`) VALUES (313,32,110,'헬스봇 답변 드립니다 삐릭. 데일리로 사용하기엔 말랑한 게 좋고 딱딱한 건 잘못 사용하면 오히려 더 상처나기 좋아요',312,'2020-08-27 11:20:00');
INSERT INTO comment (`id`,`post_id`,`user_id`,`comment`,`parent_comment_id`,`created_date`) VALUES (314,32,111,'폼룰러 진짜 마약',null,'2020-08-28 12:06:06');
INSERT INTO comment (`id`,`post_id`,`user_id`,`comment`,`parent_comment_id`,`created_date`) VALUES (315,32,112,'티비 볼 때 머리에 베개 대용으로 딱..',314,'2020-08-28 12:42:00');
INSERT INTO comment (`id`,`post_id`,`user_id`,`comment`,`parent_comment_id`,`created_date`) VALUES (316,32,113,'피티 선생님이 폼룰러 꾸준히 해주는 게 좋다길래 참여하기 눌렀습니다!',null,'2020-08-27 11:17:00');
INSERT INTO comment (`id`,`post_id`,`user_id`,`comment`,`parent_comment_id`,`created_date`) VALUES (317,32,114,'폼룰러 꾸준히 해도 도움 안 돼요 운동 전에 스트레칭용 이외엔 딱히 효과 없습니다',316,'2020-08-28 11:58:20');
INSERT INTO comment (`id`,`post_id`,`user_id`,`comment`,`parent_comment_id`,`created_date`) VALUES (318,32,115,'무슨 근거로 그렇게 말씀하시는거죠??',316,'2020-08-28 13:26:00');
INSERT INTO comment (`id`,`post_id`,`user_id`,`comment`,`parent_comment_id`,`created_date`) VALUES (319,32,116,'이거 작은 게 좋아요 큰 거면 집에서 공간 너무 많이 차지하더라구요',null,'2020-08-29 12:21:00');
INSERT INTO comment (`id`,`post_id`,`user_id`,`comment`,`parent_comment_id`,`created_date`) VALUES (320,32,117,'검은색이라 때 타도 티 안나겠네요ㅋㅋ',null,'2020-08-29 13:20:00');
INSERT INTO comment (`id`,`post_id`,`user_id`,`comment`,`parent_comment_id`,`created_date`) VALUES (321,32,118,'엑사이더 다른 제품도 괜찮았는데 폼룰러는 어떨까요? 가격이 싸진 않은데',null,'2020-08-28 12:42:00');
INSERT INTO comment (`id`,`post_id`,`user_id`,`comment`,`parent_comment_id`,`created_date`) VALUES (322,32,123,'그래도 최고 할인 먹이면 적당하지 않나요??',321,'2020-08-28 12:46:40');
INSERT INTO comment (`id`,`post_id`,`user_id`,`comment`,`parent_comment_id`,`created_date`) VALUES (323,32,122,'지금 25%니까 이정도면 괜찮죠',321,'2020-08-29 11:17:00');
INSERT INTO comment (`id`,`post_id`,`user_id`,`comment`,`parent_comment_id`,`created_date`) VALUES (324,32,121,'와 최고할인 달성했네 대박',null,'2020-08-29 13:23:00');
INSERT INTO comment (`id`,`post_id`,`user_id`,`comment`,`parent_comment_id`,`created_date`) VALUES (325,33,120,'이거 여자친구네서 써봤는데 종아리 아파 죽는줄ㅠㅠ대신 풀리긴 하더라구요',null,'2020-08-26 14:38:00');
INSERT INTO comment (`id`,`post_id`,`user_id`,`comment`,`parent_comment_id`,`created_date`) VALUES (326,33,119,'꾸준히 하면 안 아파요',325,'2020-08-26 14:42:00');
INSERT INTO comment (`id`,`post_id`,`user_id`,`comment`,`parent_comment_id`,`created_date`) VALUES (327,33,118,'요가 선생님이 추천한 브랜드인데 마침 할인해서 참여했습니다',null,'2020-08-26 19:55:00');
INSERT INTO comment (`id`,`post_id`,`user_id`,`comment`,`parent_comment_id`,`created_date`) VALUES (328,33,117,'잘 붓는 편이라 항상 나트륨 신경쓰는 편인데 요가링으로 붓기 잡을 수 있을까요??',null,'2020-08-27 10:23:00');
INSERT INTO comment (`id`,`post_id`,`user_id`,`comment`,`parent_comment_id`,`created_date`) VALUES (329,33,100,'저저 효과 봤어요',328,'2020-08-27 11:13:00');
INSERT INTO comment (`id`,`post_id`,`user_id`,`comment`,`parent_comment_id`,`created_date`) VALUES (330,33,101,'이거 팔에도 낄 수 있나요?',null,'2020-08-28 12:39:50');
INSERT INTO comment (`id`,`post_id`,`user_id`,`comment`,`parent_comment_id`,`created_date`) VALUES (331,34,102,'급하진 않아서 꿀단지로 참여하기 눌러둡니다~',null,'2020-08-29 11:13:00');
INSERT INTO comment (`id`,`post_id`,`user_id`,`comment`,`parent_comment_id`,`created_date`) VALUES (332,34,103,'근데 보통 꿀단지 일주일텀이라 그렇게 오래걸리지도 않잖아',331,'2020-08-29 11:17:00');
INSERT INTO comment (`id`,`post_id`,`user_id`,`comment`,`parent_comment_id`,`created_date`) VALUES (333,34,104,'요가매트 쓰던거 냄새나서 버렸어요ㅠㅠ 새 친구 구하러 왔습니다',null,'2020-08-29 11:56:00');
INSERT INTO comment (`id`,`post_id`,`user_id`,`comment`,`parent_comment_id`,`created_date`) VALUES (334,34,105,'아침에 일어나서 딱 스트레칭할 때 쓰면 되겠어요',null,'2020-08-29 12:21:00');
INSERT INTO comment (`id`,`post_id`,`user_id`,`comment`,`parent_comment_id`,`created_date`) VALUES (335,34,106,'저희 헬스장에 대량으로 놔둬야겠습니다',null,'2020-08-29 13:23:00');
INSERT INTO comment (`id`,`post_id`,`user_id`,`comment`,`parent_comment_id`,`created_date`) VALUES (336,35,107,'참여하기는 눌렀는데 이거 효과 있어요???',null,'2020-08-29 11:13:00');
INSERT INTO comment (`id`,`post_id`,`user_id`,`comment`,`parent_comment_id`,`created_date`) VALUES (337,35,108,'전기라서 몸에 괜찮을지 걱정되네요',null,'2020-08-29 13:23:00');
INSERT INTO comment (`id`,`post_id`,`user_id`,`comment`,`parent_comment_id`,`created_date`) VALUES (338,36,109,'인간적으로 너무 비싼데',null,'2020-08-28 12:06:06');
INSERT INTO comment (`id`,`post_id`,`user_id`,`comment`,`parent_comment_id`,`created_date`) VALUES (339,36,110,'그러게 이거 누가 사',338,'2020-08-29 11:20:00');
INSERT INTO comment (`id`,`post_id`,`user_id`,`comment`,`parent_comment_id`,`created_date`) VALUES (340,36,130,'친구들 잔뜩 불러야겠다 헬창들 모여라!!',null,'2020-08-29 12:21:00');
INSERT INTO comment (`id`,`post_id`,`user_id`,`comment`,`parent_comment_id`,`created_date`) VALUES (341,37,131,'디자인보자마자 일단 참여하기 누름',null,'2020-08-29 10:20:00');
INSERT INTO comment (`id`,`post_id`,`user_id`,`comment`,`parent_comment_id`,`created_date`) VALUES (342,37,132,'진짜 인테리어용으로도 대박일듯',null,'2020-08-29 13:20:00');
INSERT INTO comment (`id`,`post_id`,`user_id`,`comment`,`parent_comment_id`,`created_date`) VALUES (343,37,133,'향 너무 궁금한데 오프라인 매장은 없나요??',null,'2020-08-29 12:21:00');
INSERT INTO comment (`id`,`post_id`,`user_id`,`comment`,`parent_comment_id`,`created_date`) VALUES (344,37,134,'여기가 딥디크 같은 명품향수 벤치마킹 했대요',343,'2020-08-29 13:11:00');
INSERT INTO comment (`id`,`post_id`,`user_id`,`comment`,`parent_comment_id`,`created_date`) VALUES (345,37,135,'자몽 향 나는건가??',null,'2020-08-29 10:20:00');
INSERT INTO comment (`id`,`post_id`,`user_id`,`comment`,`parent_comment_id`,`created_date`) VALUES (346,38,150,'친구한테 바로 공유했다^^ 미안 친구야 내 의도를 알아주길 바라^^',null,'2020-08-29 12:21:00');
INSERT INTO comment (`id`,`post_id`,`user_id`,`comment`,`parent_comment_id`,`created_date`) VALUES (347,39,149,'세라믹 소재라고 하니까 안심할 수 있을듯합니다',null,'2020-08-27 10:23:00');
INSERT INTO comment (`id`,`post_id`,`user_id`,`comment`,`parent_comment_id`,`created_date`) VALUES (348,39,148,'진공 텀블러 후기 들어보니까 퇴근할때까지 얼음 안 녹는다던데',null,'2020-08-27 11:13:00');
INSERT INTO comment (`id`,`post_id`,`user_id`,`comment`,`parent_comment_id`,`created_date`) VALUES (349,39,147,'스댕보단 세라믹이 더 안전할듯',null,'2020-08-27 11:17:00');
INSERT INTO comment (`id`,`post_id`,`user_id`,`comment`,`parent_comment_id`,`created_date`) VALUES (350,39,146,'자전거탈 때 물 마실 보틀 필요했는데 튼튼해보이는 게 딱 좋네요',null,'2020-08-28 11:06:00');
INSERT INTO comment (`id`,`post_id`,`user_id`,`comment`,`parent_comment_id`,`created_date`) VALUES (351,39,145,'손잡이 밖에 있는게 진짜 대박',null,'2020-08-28 11:20:00');
INSERT INTO comment (`id`,`post_id`,`user_id`,`comment`,`parent_comment_id`,`created_date`) VALUES (352,39,144,'물 많이 마셔서 저거 들고 돌아다니면 되겠어요',null,'2020-08-28 12:42:00');
INSERT INTO comment (`id`,`post_id`,`user_id`,`comment`,`parent_comment_id`,`created_date`) VALUES (353,39,143,'맞아요 물 많이 마셔야함 1일 2리터!',352,'2020-08-29 11:25:00');
INSERT INTO comment (`id`,`post_id`,`user_id`,`comment`,`parent_comment_id`,`created_date`) VALUES (354,41,142,'드립커피 이걸로 시작합니다',null,'2020-08-28 12:56:00');
INSERT INTO comment (`id`,`post_id`,`user_id`,`comment`,`parent_comment_id`,`created_date`) VALUES (355,41,141,'회사에 커피머신은 질려서 이거 갖다두면 어떨까 해요',null,'2020-08-28 13:26:00');
INSERT INTO comment (`id`,`post_id`,`user_id`,`comment`,`parent_comment_id`,`created_date`) VALUES (356,42,140,'아기 있는 집인데 요즘 알록달록하게 꾸미고 있어요 냉장고도 딱 알록달록하게 꾸미려구요',null,'2020-08-26 14:38:00');
INSERT INTO comment (`id`,`post_id`,`user_id`,`comment`,`parent_comment_id`,`created_date`) VALUES (357,42,139,'캠핑장에 들고가기에도 좋겠는데요?',null,'2020-08-26 14:42:00');
INSERT INTO comment (`id`,`post_id`,`user_id`,`comment`,`parent_comment_id`,`created_date`) VALUES (358,42,138,'좀 부담스럽지 않을까요??',357,'2020-08-26 17:23:00');
INSERT INTO comment (`id`,`post_id`,`user_id`,`comment`,`parent_comment_id`,`created_date`) VALUES (359,42,137,'보자마자 그것이 떠오른 편돌이들 손',null,'2020-08-28 11:58:20');
INSERT INTO comment (`id`,`post_id`,`user_id`,`comment`,`parent_comment_id`,`created_date`) VALUES (360,42,136,'확실히 수납용으로 쓸모있긴 하겠다',null,'2020-08-28 13:26:00');
